yolo_id,name,train_count,test_count,total_count
1504,1642,4671,0,4671
72,0072,4269,7,4276
1507,1645,3931,168,4099
427,0524,3836,0,3836
1518,1656,3397,0,3397
847,0949,1,2963,2964
300,0309,1179,1701,2880
2100,2430,2360,423,2783
39,0039,2307,17,2324
443,0541,2209,109,2318
2,0002,1947,345,2292
423,0520,2119,42,2161
585,0684,2103,7,2110
666,0765,1961,0,1961
79,0079,1770,1,1771
301,0310,1727,27,1754
3805,4230,1680,0,1680
4525,WL,1610,0,1610
657,0756,1579,0,1579
1522,1660,1524,0,1524
3810,4235,1461,5,1466
1496,1634,1,1463,1464
1497,1635,1,1438,1439
1208,1341,1,1349,1350
219,0223,1204,0,1204
1517,1655,1151,46,1197
431,0528,1107,67,1174
4138,4593,1076,3,1079
831,0933,1044,0,1044
832,0934,1038,0,1038
4446,B,1032,0,1032
298,0307,971,0,971
3304,3680,923,31,954
525,0624,932,1,933
4483,LL,895,0,895
465,0563,822,64,886
1525,1663,854,0,854
1516,1654,848,0,848
296,0305,813,0,813
931,1034,802,11,813
297,0306,761,0,761
1491,1629,748,1,749
224,0228,735,0,735
4493,MR,710,0,710
621,0720,707,2,709
4447,BP,707,0,707
114,0115,694,0,694
4513,SB,675,0,675
1510,1648,670,0,670
833,0935,668,0,668
115,0116,649,15,664
596,0695,655,0,655
4523,VL,652,0,652
457,0555,647,0,647
3180,3548,647,0,647
40,0040,639,4,643
90,0090,502,129,631
1241,1375,0,631,631
4438,A,613,13,626
603,0702,610,9,619
1519,1657,601,0,601
1513,1651,599,0,599
4453,CL,597,0,597
4472,GS,594,0,594
656,0755,566,2,568
1075,1206,548,10,558
2098,2428,553,3,556
3809,4234,552,2,554
299,0308,552,0,552
4225,4680,550,0,550
321,0330,547,0,547
1932,2256,523,24,547
4479,L,412,129,541
473,0572,539,0,539
809,0911,537,0,537
1514,1652,535,0,535
634,0733,528,0,528
2755,3115,518,0,518
4176,4631,518,0,518
1326,1461,370,144,514
4444,APC,493,0,493
1237,1371,0,484,484
309,0318,462,0,462
4485,LS,455,0,455
1101,1233,449,1,450
4050,4506,446,0,446
1506,1644,444,0,444
4332,4787,436,0,436
3149,3517,434,0,434
4489,MA,434,0,434
1978,2303,0,432,432
38,0038,420,6,426
836,0938,426,0,426
1944,2268,415,0,415
4046,4502,398,0,398
4440,AC,397,0,397
4456,CYP,396,0,396
188,0192,392,0,392
1006,1112,390,0,390
3684,4109,389,0,389
276,0282,151,237,388
55,0055,387,0,387
994,1100,373,13,386
130,0131,381,0,381
1501,1639,377,0,377
4068,4524,374,0,374
1515,1653,367,0,367
3134,3502,363,0,363
3770,4195,363,0,363
417,0514,358,0,358
433,0530,341,1,342
810,0912,110,229,339
1095,1227,337,0,337
4540,v,337,0,337
295,0304,316,20,336
490,0589,333,0,333
856,0958,1,321,322
1017,1125,320,0,320
4511,S,226,93,319
320,0329,314,0,314
4534,null-1,309,0,309
1014,1120,302,0,302
4439,AB,285,0,285
1508,1646,281,0,281
4520,T,70,207,277
25,0025,276,0,276
4150,4605,271,4,275
4464,EG,275,0,275
4516,SG,275,0,275
4462,EC,274,0,274
4505,R,198,76,274
1521,1659,272,0,272
1143,1275,65,204,269
1180,1312,267,0,267
1499,1637,267,0,267
4133,4588,265,0,265
434,0531,243,18,261
73,0073,256,0,256
1094,1226,252,0,252
1087,1219,240,0,240
622,0721,236,0,236
4110,4566,219,16,235
4528,WWG,234,0,234
4434,5343,233,0,233
4455,CS,232,0,232
1240,1374,0,228,228
197,0201,227,0,227
4445,AS,227,0,227
428,0525,226,0,226
839,0941,226,0,226
1088,1220,226,0,226
4281,4736,225,0,225
498,0597,224,0,224
1011,1117,222,1,223
1176,1308,222,0,222
303,0312,116,104,220
1400,1536,220,0,220
835,0937,219,0,219
1137,1269,217,0,217
1754,2076,210,7,217
4130,4585,206,8,214
442,0540,213,0,213
52,0052,211,0,211
127,0128,211,0,211
3819,4244,211,0,211
1708,2029,210,0,210
1243,1377,0,208,208
195,0199,207,0,207
1181,1313,207,0,207
4478,K,205,0,205
3804,4229,204,0,204
4524,W,85,117,202
670,0769,201,0,201
426,0523,176,24,200
1331,1466,198,0,198
1503,1641,196,0,196
1670,1910,195,0,195
432,0529,194,0,194
1699,2019,188,6,194
424,0521,193,0,193
4036,4491,189,0,189
116,0117,188,0,188
4091,4547,188,0,188
4502,PW,188,0,188
110,0110,187,0,187
4173,4628,187,0,187
478,0577,186,0,186
3951,4405,184,0,184
318,0327,182,0,182
553,0652,170,12,182
199,0203,180,0,180
304,0313,180,0,180
50,0050,179,0,179
218,0222,178,0,178
1733,2055,0,178,178
1834,2156,178,0,178
3441,3817,178,0,178
430,0527,177,0,177
1140,1272,176,0,176
1199,1331,175,0,175
4449,C,173,1,174
393,0406,173,0,173
397,0410,173,0,173
3138,3506,152,21,173
338,0350,172,0,172
4441,AE,172,0,172
322,0331,171,0,171
501,0600,165,6,171
717,0817,171,0,171
724,0824,171,0,171
1103,1235,171,0,171
1981,2306,0,171,171
1157,1289,170,0,170
1019,1127,169,0,169
1236,1369,0,169,169
1136,1268,154,13,167
2113,2443,111,56,167
411,0508,165,1,166
4168,4623,166,0,166
4459,DB,166,0,166
4482,LB,166,0,166
1330,1465,0,165,165
1926,2249,165,0,165
660,0759,164,0,164
1239,1373,0,164,164
29,0029,163,0,163
367,0379,0,163,163
1312,1447,163,0,163
1338,1473,0,163,163
1980,2305,0,163,163
3821,4246,163,0,163
1104,1236,162,0,162
4463,EF,162,0,162
119,0120,161,0,161
147,0150,161,0,161
4498,PA,161,0,161
494,0593,109,50,159
671,0770,159,0,159
837,0939,159,0,159
1238,1372,0,159,159
547,0646,158,0,158
1702,2022,158,0,158
1102,1234,157,0,157
482,0581,156,0,156
462,0560,155,0,155
1523,1661,153,1,154
117,0118,153,0,153
614,0713,153,0,153
654,0753,150,2,152
1158,1290,151,0,151
395,0408,150,0,150
3211,3580,150,0,150
623,0722,149,0,149
756,0858,149,0,149
105,0105,148,0,148
370,0382,0,148,148
1124,1256,147,0,147
3830,4256,147,0,147
470,0569,120,26,146
1177,1309,0,146,146
2931,3298,146,0,146
679,0779,145,0,145
3074,3441,145,0,145
4435,5344,145,0,145
581,0680,143,0,143
725,0825,108,35,143
1421,1557,143,0,143
2827,3190,142,0,142
421,0518,89,52,141
638,0737,139,0,139
1505,1643,34,105,139
4507,RB,139,0,139
1979,2304,0,138,138
2099,2429,138,0,138
4,0004,136,0,136
1142,1274,119,17,136
1070,1201,134,0,134
1740,2062,0,132,132
3965,4419,132,0,132
4208,4663,132,0,132
4460,DO,132,0,132
311,0320,131,0,131
4488,M,77,54,131
523,0622,130,0,130
1139,1271,130,0,130
4443,AM,130,0,130
850,0952,129,0,129
1853,2175,129,0,129
408,0505,86,42,128
1850,2172,128,0,128
316,0325,127,0,127
401,0414,127,0,127
1255,1389,0,127,127
1562,1700,124,0,124
3801,4226,124,0,124
834,0936,123,0,123
1225,1358,123,0,123
404,0501,122,0,122
4494,MS,122,0,122
537,0636,121,0,121
1138,1270,121,0,121
241,0245,120,0,120
484,0583,118,2,120
1234,1367,0,120,120
48,0048,119,0,119
3857,4283,119,0,119
4442,AH,118,0,118
4131,4586,117,0,117
1852,2174,116,0,116
76,0076,115,0,115
1498,1636,1,114,115
323,0332,111,3,114
686,0786,114,0,114
328,0337,113,0,113
607,0706,113,0,113
1144,1276,85,28,113
4263,4718,112,0,112
696,0796,110,1,111
1141,1273,111,0,111
4064,4520,111,0,111
51,0051,110,0,110
659,0758,110,0,110
22,0022,109,0,109
412,0509,108,0,108
1175,1307,107,1,108
3137,3505,108,0,108
102,0102,107,0,107
226,0230,107,0,107
680,0780,107,0,107
1278,1412,107,0,107
1983,2308,0,107,107
407,0504,82,24,106
169,0173,105,0,105
54,0054,104,0,104
416,0513,104,0,104
601,0700,104,0,104
726,0826,104,0,104
1195,1327,104,0,104
1857,2179,103,0,103
3130,3498,103,0,103
681,0781,102,0,102
772,0874,102,0,102
817,0919,102,0,102
1007,1113,101,1,102
1287,1421,102,0,102
1500,1638,102,0,102
4497,P,102,0,102
1286,1420,101,0,101
1745,2067,0,101,101
1397,1533,99,0,99
1368,1504,67,31,98
2776,3136,98,0,98
31,0031,97,0,97
4506,R2,97,0,97
429,0526,96,0,96
842,0944,96,0,96
1483,1621,96,0,96
1918,2241,96,0,96
2872,3238,91,5,96
1089,1221,94,0,94
1676,1916,94,0,94
637,0736,93,0,93
1739,2061,0,93,93
1211,1344,0,92,92
4501,PT,92,0,92
652,0751,91,0,91
1235,1368,0,91,91
4047,4503,91,0,91
59,0059,90,0,90
100,0100,90,0,90
849,0951,90,0,90
1379,1515,90,0,90
1856,2178,90,0,90
4467,F2,90,0,90
4526,WM,90,0,90
68,0068,89,0,89
302,0311,89,0,89
1854,2176,89,0,89
1911,2234,89,0,89
4278,4733,89,0,89
12,0012,88,0,88
1184,1316,88,0,88
1741,2063,0,88,88
2749,3108,88,0,88
843,0945,87,0,87
91,0091,86,0,86
1182,1314,86,0,86
1738,2060,0,86,86
3820,4245,86,0,86
3856,4282,0,86,86
78,0078,84,1,85
889,0991,85,0,85
1179,1311,85,0,85
1743,2065,0,85,85
3097,3464,85,0,85
4539,sw,85,0,85
422,0519,49,35,84
1123,1255,84,0,84
1183,1315,84,0,84
4157,4612,84,0,84
61,0061,83,0,83
329,0338,83,0,83
741,0842,79,4,83
1112,1244,83,0,83
4356,4812,83,0,83
23,0023,82,0,82
222,0226,82,0,82
1520,1658,82,0,82
477,0576,81,0,81
1091,1223,81,0,81
1855,2177,81,0,81
1858,2180,81,0,81
206,0210,80,0,80
467,0566,80,0,80
1251,1385,8,72,80
1511,1649,80,0,80
4436,5345,80,0,80
2839,3204,79,0,79
53,0053,78,0,78
315,0324,78,0,78
337,0349,78,0,78
529,0628,78,0,78
1549,1687,56,22,78
2912,3279,78,0,78
4049,4505,78,0,78
673,0772,77,0,77
1064,1175,77,0,77
1198,1330,77,0,77
4149,4604,77,0,77
180,0184,76,0,76
145,0148,75,0,75
1078,1209,75,0,75
1098,1230,75,0,75
1220,1353,75,0,75
1835,2157,75,0,75
2903,3270,75,0,75
3958,4412,75,0,75
4219,4674,75,0,75
137,0140,74,0,74
1186,1318,74,0,74
1509,1647,74,0,74
1598,1835,72,2,74
4108,4564,74,0,74
1219,1352,73,0,73
7,0007,72,0,72
1197,1329,72,0,72
3995,4449,72,0,72
85,0085,71,0,71
854,0956,71,0,71
1074,1205,71,0,71
1359,1495,71,0,71
2334,2677,71,0,71
34,0034,70,0,70
4194,4649,70,0,70
63,0063,69,0,69
202,0206,69,0,69
413,0510,44,25,69
524,0623,69,0,69
3782,4207,69,0,69
60,0060,68,0,68
718,0818,68,0,68
773,0875,68,0,68
1941,2265,68,0,68
2425,2768,68,0,68
4240,4695,68,0,68
170,0174,67,0,67
189,0193,67,0,67
409,0506,67,0,67
545,0644,67,0,67
704,0804,67,0,67
4089,4545,59,8,67
4508,RC,67,0,67
281,0287,66,0,66
1395,1531,66,0,66
2024,2351,66,0,66
3828,4254,66,0,66
1100,1232,65,0,65
1113,1245,65,0,65
1145,1277,62,3,65
1174,1306,65,0,65
3282,3658,65,0,65
58,0058,64,0,64
613,0712,64,0,64
1159,1291,64,0,64
1167,1299,64,0,64
1717,2038,64,0,64
2142,2473,64,0,64
9,0009,63,0,63
1674,1914,63,0,63
1945,2269,63,0,63
4192,4647,63,0,63
4450,C2,63,0,63
4517,SH,63,0,63
1284,1418,62,0,62
1296,1431,62,0,62
1836,2158,62,0,62
1860,2182,62,0,62
1975,2300,62,0,62
24,0024,61,0,61
319,0328,61,0,61
853,0955,61,0,61
1162,1294,61,0,61
1385,1521,61,0,61
2315,2647,61,0,61
4201,4656,61,0,61
212,0216,60,0,60
729,0829,51,9,60
1130,1262,60,0,60
1164,1296,60,0,60
1348,1483,60,0,60
2439,2782,60,0,60
4223,4678,60,0,60
107,0107,59,0,59
519,0618,59,0,59
561,0660,59,0,59
674,0774,59,0,59
855,0957,59,0,59
1315,1450,31,28,59
1881,2204,0,59,59
4037,4492,59,0,59
4039,4495,59,0,59
14,0014,58,0,58
683,0783,58,0,58
1025,1134,23,35,58
1166,1298,58,0,58
1778,2100,0,58,58
1964,2288,58,0,58
1982,2307,0,58,58
4264,4719,58,0,58
4468,FM,58,0,58
282,0290,57,0,57
458,0556,57,0,57
1060,1170,57,0,57
1422,1558,57,0,57
1746,2068,0,57,57
2086,2416,57,0,57
2314,2646,57,0,57
4048,4504,57,0,57
66,0066,56,0,56
695,0795,55,0,55
713,0813,55,0,55
1163,1295,55,0,55
1870,2192,55,0,55
3818,4243,55,0,55
36,0036,54,0,54
43,0043,54,0,54
488,0587,54,0,54
491,0590,54,0,54
731,0831,54,0,54
1126,1258,54,0,54
1413,1549,54,0,54
1541,1679,0,54,54
1737,2059,0,54,54
2909,3276,54,0,54
3129,3497,54,0,54
74,0074,53,0,53
420,0517,53,0,53
995,1101,53,0,53
1321,1456,14,39,53
1361,1497,53,0,53
1795,2117,53,0,53
2855,3220,53,0,53
4242,4697,53,0,53
4470,G,53,0,53
190,0194,52,0,52
1096,1228,52,0,52
1188,1320,52,0,52
1289,1423,52,0,52
2125,2456,52,0,52
3900,4327,52,0,52
4183,4638,52,0,52
448,0546,51,0,51
536,0635,51,0,51
559,0658,51,0,51
808,0910,51,0,51
1859,2181,51,0,51
2920,3287,51,0,51
3803,4228,51,0,51
176,0180,50,0,50
200,0204,50,0,50
2913,3280,50,0,50
64,0064,49,0,49
306,0315,49,0,49
677,0777,49,0,49
857,0959,49,0,49
1005,1111,49,0,49
1254,1388,0,49,49
1340,1475,49,0,49
2143,2474,49,0,49
2845,3210,49,0,49
183,0187,48,0,48
486,0585,48,0,48
824,0926,48,0,48
1080,1211,48,0,48
1445,1581,48,0,48
1492,1630,48,0,48
4458,D2,48,0,48
548,0647,47,0,47
730,0830,47,0,47
1156,1288,47,0,47
1298,1433,47,0,47
1399,1535,47,0,47
1869,2191,47,0,47
2914,3281,47,0,47
3835,4261,47,0,47
4214,4669,47,0,47
4407,5316,47,0,47
8,0008,46,0,46
123,0124,46,0,46
266,0272,46,0,46
284,0292,46,0,46
368,0380,0,46,46
1273,1407,46,0,46
1341,1476,46,0,46
1600,1837,46,0,46
1977,2302,0,46,46
2139,2470,46,0,46
4077,4533,46,0,46
4309,4764,46,0,46
16,0016,44,1,45
194,0198,45,0,45
235,0239,45,0,45
336,0348,45,0,45
612,0711,45,0,45
1146,1278,45,0,45
1527,1665,45,0,45
2140,2471,45,0,45
2843,3208,45,0,45
3645,4021,45,0,45
3823,4248,45,0,45
4140,4595,45,0,45
4213,4668,45,0,45
4503,PY,45,0,45
0,0000,44,0,44
828,0930,44,0,44
1253,1387,0,44,44
1264,1398,44,0,44
1297,1432,44,0,44
1533,1671,43,1,44
1695,2015,44,0,44
2633,2978,44,0,44
4166,4621,44,0,44
4243,4698,44,0,44
4519,SS,44,0,44
35,0035,43,0,43
675,0775,43,0,43
1121,1253,43,0,43
1148,1280,43,0,43
1369,1505,41,2,43
1456,1592,43,0,43
1742,2064,0,43,43
3994,4448,0,43,43
4126,4581,43,0,43
4420,5329,43,0,43
87,0087,42,0,42
144,0147,42,0,42
369,0381,0,42,42
1426,1562,42,0,42
1436,1572,42,0,42
1475,1612,39,3,42
3133,3501,42,0,42
3909,4336,42,0,42
4120,4575,42,0,42
4518,SL,42,0,42
69,0069,41,0,41
314,0323,41,0,41
1294,1429,41,0,41
1530,1668,41,0,41
2754,3114,41,0,41
3778,4203,41,0,41
4238,4693,41,0,41
4448,BT,41,0,41
27,0027,40,0,40
56,0056,40,0,40
339,0351,40,0,40
527,0626,40,0,40
546,0645,40,0,40
716,0816,40,0,40
844,0946,40,0,40
1013,1119,40,0,40
1029,1138,40,0,40
1082,1213,40,0,40
1116,1248,39,1,40
1128,1260,40,0,40
2081,2411,40,0,40
2821,3184,40,0,40
2975,3342,40,0,40
3929,4358,40,0,40
4005,4459,40,0,40
139,0142,39,0,39
475,0574,39,0,39
664,0763,39,0,39
1114,1246,39,0,39
1502,1640,39,0,39
1927,2250,39,0,39
2955,3322,39,0,39
4078,4534,39,0,39
4360,4816,39,0,39
71,0071,38,0,38
95,0095,38,0,38
455,0553,38,0,38
1097,1229,38,0,38
1185,1317,38,0,38
1346,1481,38,0,38
1389,1525,38,0,38
1558,1696,38,0,38
1956,2280,38,0,38
2907,3274,38,0,38
4088,4544,38,0,38
57,0057,37,0,37
324,0333,37,0,37
700,0800,37,0,37
1391,1527,37,0,37
1425,1561,37,0,37
2104,2434,0,37,37
2138,2469,37,0,37
2357,2700,37,0,37
2601,2946,37,0,37
3777,4202,37,0,37
3843,4269,37,0,37
4406,5315,37,0,37
4535,null-2,37,0,37
11,0011,36,0,36
33,0033,36,0,36
45,0045,36,0,36
474,0573,36,0,36
629,0728,36,0,36
1012,1118,36,0,36
1303,1438,36,0,36
1861,2183,36,0,36
1984,2309,0,36,36
2141,2472,36,0,36
2956,3323,36,0,36
3070,3437,36,0,36
3845,4271,36,0,36
3896,4322,36,0,36
4509,RH,36,0,36
47,0047,35,0,35
410,0507,18,17,35
435,0533,35,0,35
1252,1386,0,35,35
2488,2831,35,0,35
3208,3577,35,0,35
3791,4216,35,0,35
128,0129,34,0,34
265,0271,34,0,34
658,0757,34,0,34
2341,2684,34,0,34
2415,2758,34,0,34
3911,4338,34,0,34
4129,4584,34,0,34
4205,4660,34,0,34
599,0698,33,0,33
630,0729,33,0,33
1072,1203,33,0,33
1133,1265,33,0,33
1171,1303,33,0,33
1196,1328,33,0,33
1291,1425,33,0,33
1355,1491,33,0,33
1890,2213,0,33,33
2319,2651,33,0,33
2630,2975,33,0,33
3254,3629,33,0,33
3832,4258,33,0,33
4087,4543,33,0,33
4491,MH,33,0,33
173,0177,32,0,32
277,0283,32,0,32
540,0639,32,0,32
655,0754,32,0,32
799,0901,32,0,32
1079,1210,32,0,32
1221,1354,32,0,32
1302,1437,32,0,32
1440,1576,32,0,32
3998,4452,32,0,32
4117,4572,32,0,32
4315,4770,32,0,32
1,0001,31,0,31
28,0028,31,0,31
141,0144,30,1,31
192,0196,31,0,31
196,0200,31,0,31
361,0373,0,31,31
415,0512,25,6,31
586,0685,31,0,31
821,0923,31,0,31
1147,1279,31,0,31
1178,1310,31,0,31
1222,1355,31,0,31
1345,1480,31,0,31
1862,2184,31,0,31
2906,3273,31,0,31
3773,4198,31,0,31
168,0172,30,0,30
452,0550,30,0,30
481,0580,30,0,30
609,0708,30,0,30
665,0764,30,0,30
1036,1146,30,0,30
1194,1326,30,0,30
1202,1334,30,0,30
1214,1347,30,0,30
1288,1422,30,0,30
1947,2271,30,0,30
1996,2321,30,0,30
2320,2652,30,0,30
3187,3555,30,0,30
3955,4409,30,0,30
4069,4525,30,0,30
4072,4528,30,0,30
4101,4557,30,0,30
70,0070,29,0,29
184,0188,29,0,29
485,0584,29,0,29
600,0699,29,0,29
672,0771,29,0,29
851,0953,29,0,29
1108,1240,29,0,29
1149,1281,29,0,29
1151,1283,29,0,29
1173,1305,8,21,29
1448,1584,29,0,29
1537,1675,29,0,29
2653,3000,29,0,29
3174,3542,29,0,29
3822,4247,29,0,29
3844,4270,29,0,29
3875,4301,29,0,29
4127,4582,29,0,29
4538,null-7,29,0,29
133,0136,28,0,28
355,0367,0,28,28
374,0386,0,28,28
383,0395,0,28,28
530,0629,28,0,28
531,0630,28,0,28
1000,1106,28,0,28
1313,1448,28,0,28
1314,1449,28,0,28
1524,1662,28,0,28
1548,1686,1,27,28
2318,2650,28,0,28
2468,2811,28,0,28
2718,3065,28,0,28
2751,3111,28,0,28
2805,3167,28,0,28
4537,null-5,28,0,28
75,0075,27,0,27
178,0182,27,0,27
198,0202,27,0,27
626,0725,27,0,27
746,0848,27,0,27
825,0927,27,0,27
852,0954,27,0,27
885,0987,27,0,27
1093,1225,27,0,27
1212,1345,0,27,27
1707,2028,27,0,27
1967,2292,27,0,27
2085,2415,27,0,27
2638,2983,27,0,27
4105,4561,27,0,27
4124,4579,27,0,27
4181,4636,27,0,27
4261,4716,27,0,27
4469,Furcraea,27,0,27
10,0010,26,0,26
46,0046,26,0,26
129,0130,26,0,26
358,0370,0,26,26
662,0761,26,0,26
1120,1252,26,0,26
1134,1266,26,0,26
1258,1392,26,0,26
1304,1439,26,0,26
1357,1493,26,0,26
1428,1564,26,0,26
1461,1598,26,0,26
1480,1618,26,0,26
2144,2475,26,0,26
2161,2492,26,0,26
2333,2676,26,0,26
2344,2687,26,0,26
2346,2689,26,0,26
2353,2696,26,0,26
2487,2830,26,0,26
3150,3518,26,0,26
3172,3540,26,0,26
3834,4260,26,0,26
4279,4734,26,0,26
4334,4789,26,0,26
30,0030,25,0,25
349,0361,0,25,25
399,0412,25,0,25
608,0707,25,0,25
1030,1139,25,0,25
1322,1457,25,0,25
1512,1650,25,0,25
1664,1904,25,0,25
1993,2318,0,25,25
2106,2436,0,25,25
2345,2688,25,0,25
2414,2757,25,0,25
2934,3301,25,0,25
3960,4414,25,0,25
4412,5321,25,0,25
4474,HB,25,0,25
4477,J,25,0,25
4514,SD,25,0,25
15,0015,24,0,24
191,0195,24,0,24
258,0263,24,0,24
454,0552,24,0,24
636,0735,24,0,24
682,0782,24,0,24
722,0822,24,0,24
877,0979,24,0,24
1033,1142,24,0,24
1037,1147,24,0,24
1071,1202,24,0,24
1342,1477,24,0,24
1402,1538,24,0,24
1411,1547,24,0,24
1550,1688,20,4,24
1719,2040,24,0,24
2852,3217,24,0,24
3936,4366,24,0,24
3979,4433,24,0,24
3982,4436,24,0,24
4121,4576,24,0,24
62,0062,23,0,23
138,0141,23,0,23
186,0190,23,0,23
342,0354,23,0,23
394,0407,23,0,23
476,0575,23,0,23
487,0586,23,0,23
661,0760,23,0,23
818,0920,23,0,23
1083,1215,23,0,23
1160,1292,23,0,23
1388,1524,23,0,23
1536,1674,23,0,23
1693,2013,23,0,23
1735,2057,0,23,23
1744,2066,0,23,23
1883,2206,23,0,23
1920,2243,23,0,23
2146,2477,23,0,23
2184,2515,23,0,23
2250,2581,23,0,23
2254,2585,23,0,23
2316,2648,23,0,23
2342,2685,23,0,23
2348,2691,23,0,23
2349,2692,23,0,23
2440,2783,23,0,23
2936,3303,23,0,23
3622,3998,23,0,23
4486,LT,23,0,23
228,0232,22,0,22
386,0398,0,22,22
574,0673,22,0,22
602,0701,22,0,22
605,0704,22,0,22
1187,1319,22,0,22
1201,1333,22,0,22
1782,2104,21,1,22
1796,2118,22,0,22
2203,2534,22,0,22
2379,2722,22,0,22
2636,2981,22,0,22
2867,3232,22,0,22
3207,3576,22,0,22
3904,4331,22,0,22
3949,4403,22,0,22
4070,4526,22,0,22
4193,4648,22,0,22
13,0013,21,0,21
83,0083,21,0,21
101,0101,21,0,21
121,0122,21,0,21
193,0197,21,0,21
203,0207,21,0,21
261,0267,20,1,21
340,0352,21,0,21
396,0409,21,0,21
405,0502,21,0,21
471,0570,21,0,21
647,0746,21,0,21
653,0752,21,0,21
829,0931,21,0,21
830,0932,21,0,21
1150,1282,21,0,21
1155,1287,21,0,21
1207,1340,21,0,21
1210,1343,0,21,21
1283,1417,21,0,21
1347,1482,21,0,21
1371,1507,21,0,21
2317,2649,21,0,21
2343,2686,21,0,21
2478,2821,21,0,21
2976,3343,21,0,21
3108,3476,21,0,21
3146,3514,21,0,21
3253,3628,21,0,21
4076,4532,21,0,21
4452,CG,21,0,21
67,0067,20,0,20
77,0077,20,0,20
201,0205,20,0,20
223,0227,20,0,20
262,0268,18,2,20
330,0339,20,0,20
343,0355,20,0,20
436,0534,20,0,20
625,0724,20,0,20
812,0914,14,6,20
816,0918,20,0,20
899,1001,19,1,20
1068,1180,20,0,20
1542,1680,0,20,20
1675,1915,20,0,20
1809,2131,20,0,20
2073,2402,19,1,20
2347,2690,20,0,20
2467,2810,20,0,20
2472,2815,20,0,20
2888,3254,20,0,20
2993,3360,19,1,20
3107,3475,20,0,20
3156,3524,20,0,20
4106,4562,20,0,20
4182,4637,20,0,20
4253,4708,20,0,20
4400,5309,20,0,20
185,0189,19,0,19
208,0212,19,0,19
437,0535,19,0,19
445,0543,19,0,19
551,0650,19,0,19
598,0697,18,1,19
639,0738,19,0,19
690,0790,19,0,19
698,0798,19,0,19
708,0808,19,0,19
804,0906,19,0,19
840,0942,19,0,19
898,1000,19,0,19
1125,1257,19,0,19
1261,1395,19,0,19
1756,2078,18,1,19
2002,2327,19,0,19
2067,2396,19,0,19
2083,2413,19,0,19
2105,2435,0,19,19
2251,2582,19,0,19
2350,2693,19,0,19
2721,3069,19,0,19
2806,3168,19,0,19
3151,3519,19,0,19
3817,4242,19,0,19
4255,4710,19,0,19
4268,4723,19,0,19
4280,4735,19,0,19
5,0005,18,0,18
134,0137,18,0,18
175,0179,18,0,18
259,0265,18,0,18
357,0369,0,18,18
439,0537,18,0,18
440,0538,18,0,18
557,0656,18,0,18
694,0794,18,0,18
882,0984,18,0,18
998,1104,18,0,18
1153,1285,18,0,18
1276,1410,18,0,18
1403,1539,18,0,18
1450,1586,18,0,18
1462,1599,18,0,18
1485,1623,18,0,18
1531,1669,18,0,18
1532,1670,18,0,18
1544,1682,18,0,18
1678,1918,18,0,18
1681,2002,18,0,18
2071,2400,18,0,18
2416,2759,18,0,18
2481,2824,18,0,18
2626,2971,18,0,18
2664,3011,18,0,18
2702,3049,18,0,18
2750,3110,18,0,18
2908,3275,18,0,18
2984,3351,17,1,18
3135,3503,18,0,18
3831,4257,18,0,18
4137,4592,18,0,18
4162,4617,18,0,18
4256,4711,18,0,18
32,0032,17,0,17
89,0089,17,0,17
234,0238,17,0,17
290,0299,17,0,17
344,0356,17,0,17
364,0376,0,17,17
732,0832,17,0,17
793,0895,17,0,17
797,0899,17,0,17
814,0916,17,0,17
819,0921,17,0,17
822,0924,17,0,17
870,0972,17,0,17
900,1002,15,2,17
990,1096,17,0,17
1038,1148,17,0,17
1059,1169,17,0,17
1280,1414,17,0,17
1316,1451,17,0,17
1351,1486,17,0,17
1424,1560,17,0,17
1603,1840,17,0,17
1677,1917,17,0,17
2330,2673,17,0,17
2352,2695,17,0,17
2700,3047,17,0,17
2978,3345,16,1,17
4002,4456,17,0,17
4123,4578,17,0,17
4237,4692,17,0,17
4480,L1,17,0,17
163,0166,16,0,16
171,0175,16,0,16
238,0242,16,0,16
308,0317,16,0,16
310,0319,16,0,16
356,0368,0,16,16
403,0500,16,0,16
706,0806,16,0,16
887,0989,16,0,16
997,1103,16,0,16
1067,1178,16,0,16
1122,1254,16,0,16
1293,1428,16,0,16
1308,1443,16,0,16
1365,1501,16,0,16
1370,1506,16,0,16
1409,1545,16,0,16
1415,1551,16,0,16
1427,1563,16,0,16
1486,1624,16,0,16
1529,1667,16,0,16
1685,2006,16,0,16
1709,2030,16,0,16
1748,2070,0,16,16
1837,2159,16,0,16
1917,2240,16,0,16
1919,2242,16,0,16
2017,2344,16,0,16
2042,2370,16,0,16
2204,2535,16,0,16
2351,2694,16,0,16
2631,2976,16,0,16
2632,2977,16,0,16
2634,2979,16,0,16
2733,3081,16,0,16
2954,3321,16,0,16
2997,3364,14,2,16
3105,3473,0,16,16
3203,3572,16,0,16
3668,4044,16,0,16
3829,4255,16,0,16
4021,4476,16,0,16
4043,4499,16,0,16
4156,4611,16,0,16
4158,4613,16,0,16
4277,4732,16,0,16
4283,4738,16,0,16
4300,4755,16,0,16
4308,4763,16,0,16
4310,4765,16,0,16
4398,5307,16,0,16
103,0103,15,0,15
112,0112,15,0,15
151,0154,15,0,15
227,0231,15,0,15
231,0235,15,0,15
279,0285,15,0,15
400,0413,15,0,15
480,0579,15,0,15
584,0683,15,0,15
617,0716,15,0,15
760,0862,15,0,15
858,0960,15,0,15
886,0988,15,0,15
1061,1172,15,0,15
1105,1237,15,0,15
1204,1336,15,0,15
1209,1342,15,0,15
1307,1442,15,0,15
1334,1469,15,0,15
1358,1494,15,0,15
1449,1585,15,0,15
1974,2299,15,0,15
2016,2343,15,0,15
2046,2374,15,0,15
2095,2425,15,0,15
2118,2448,12,3,15
2136,2467,15,0,15
2145,2476,15,0,15
2329,2661,15,0,15
2380,2723,15,0,15
2432,2775,15,0,15
2438,2781,15,0,15
2704,3051,15,0,15
2847,3212,15,0,15
2904,3271,15,0,15
2918,3285,15,0,15
2981,3348,14,1,15
2983,3350,14,1,15
2998,3365,12,3,15
3088,3455,15,0,15
3123,3491,15,0,15
3182,3550,15,0,15
3286,3662,15,0,15
3894,4320,15,0,15
4244,4699,15,0,15
4245,4700,15,0,15
4390,5004,15,0,15
4461,E,15,0,15
4473,H,15,0,15
4476,HP,15,0,15
4533,h_,15,0,15
19,0019,14,0,14
26,0026,14,0,14
49,0049,14,0,14
118,0119,14,0,14
181,0185,14,0,14
187,0191,14,0,14
447,0545,14,0,14
493,0592,14,0,14
495,0594,14,0,14
619,0718,14,0,14
643,0742,14,0,14
687,0787,14,0,14
714,0814,14,0,14
735,0836,14,0,14
791,0893,14,0,14
820,0922,14,0,14
826,0928,14,0,14
1076,1207,14,0,14
1168,1300,14,0,14
1380,1516,14,0,14
1458,1595,14,0,14
1599,1836,14,0,14
1684,2005,14,0,14
1710,2031,14,0,14
1720,2041,14,0,14
1732,2054,14,0,14
1780,2102,14,0,14
1868,2190,14,0,14
1933,2257,14,0,14
2114,2444,1,13,14
2665,3012,14,0,14
2816,3179,14,0,14
2902,3269,14,0,14
2980,3347,14,0,14
2995,3362,12,2,14
3148,3516,14,0,14
3163,3531,14,0,14
3257,3632,14,0,14
3259,3634,14,0,14
3774,4199,14,0,14
3922,4349,14,0,14
4071,4527,14,0,14
4190,4645,14,0,14
4292,4747,14,0,14
4379,4842,14,0,14
172,0176,13,0,13
264,0270,13,0,13
292,0301,13,0,13
305,0314,13,0,13
378,0390,0,13,13
392,0405,13,0,13
444,0542,13,0,13
450,0548,13,0,13
456,0554,13,0,13
479,0578,13,0,13
552,0651,13,0,13
555,0654,13,0,13
688,0788,13,0,13
1109,1241,13,0,13
1135,1267,13,0,13
1169,1301,13,0,13
1203,1335,13,0,13
1257,1391,13,0,13
1410,1546,13,0,13
1416,1552,13,0,13
1487,1625,12,1,13
1490,1628,13,0,13
1540,1678,13,0,13
1557,1695,13,0,13
1624,1862,13,0,13
1703,2023,13,0,13
1731,2052,13,0,13
1781,2103,13,0,13
1798,2120,13,0,13
2060,2389,7,6,13
2061,2390,13,0,13
2427,2770,13,0,13
2430,2773,13,0,13
2435,2778,13,0,13
2892,3258,13,0,13
2926,3293,13,0,13
2985,3352,11,2,13
2994,3361,11,2,13
3264,3639,13,0,13
3854,4280,13,0,13
4099,4555,13,0,13
4125,4580,13,0,13
4152,4607,13,0,13
4393,5302,13,0,13
4428,5337,13,0,13
4530,XC,13,0,13
44,0044,12,0,12
84,0084,12,0,12
106,0106,12,0,12
125,0126,12,0,12
131,0132,12,0,12
155,0158,12,0,12
249,0253,12,0,12
263,0269,12,0,12
377,0389,0,12,12
379,0391,0,12,12
388,0401,12,0,12
533,0632,12,0,12
541,0640,12,0,12
556,0655,12,0,12
578,0677,12,0,12
697,0797,12,0,12
811,0913,12,0,12
815,0917,12,0,12
902,1004,11,1,12
1065,1176,12,0,12
1154,1286,12,0,12
1172,1304,12,0,12
1245,1379,0,12,12
1271,1405,12,0,12
1290,1424,12,0,12
1309,1444,12,0,12
1311,1446,12,0,12
1336,1471,12,0,12
1376,1512,12,0,12
1465,1602,12,0,12
1470,1607,12,0,12
1538,1676,12,0,12
1683,2004,12,0,12
1800,2122,12,0,12
2182,2513,12,0,12
2355,2698,12,0,12
2405,2748,12,0,12
2418,2761,12,0,12
2419,2762,12,0,12
2423,2766,12,0,12
2431,2774,12,0,12
2864,3229,12,0,12
2982,3349,11,1,12
3067,3434,12,0,12
3161,3529,12,0,12
3251,3626,12,0,12
3685,4110,12,0,12
3842,4268,12,0,12
3954,4408,12,0,12
3966,4420,12,0,12
4044,4500,12,0,12
4135,4590,12,0,12
4159,4614,12,0,12
4241,4696,12,0,12
4314,4769,12,0,12
4465,EP,12,0,12
4500,PM,12,0,12
4510,RT,12,0,12
20,0020,11,0,11
65,0065,11,0,11
126,0127,11,0,11
174,0178,11,0,11
179,0183,11,0,11
245,0249,11,0,11
248,0252,11,0,11
289,0298,11,0,11
642,0741,11,0,11
689,0789,11,0,11
707,0807,11,0,11
752,0854,11,0,11
784,0886,11,0,11
845,0947,11,0,11
859,0961,11,0,11
890,0992,11,0,11
1057,1167,11,0,11
1058,1168,11,0,11
1069,1200,11,0,11
1086,1218,11,0,11
1117,1249,11,0,11
1161,1293,11,0,11
1216,1349,11,0,11
1269,1403,11,0,11
1279,1413,11,0,11
1319,1454,11,0,11
1350,1485,11,0,11
1377,1513,11,0,11
1405,1541,11,0,11
1444,1580,11,0,11
1489,1627,11,0,11
1662,1902,11,0,11
1694,2014,11,0,11
1714,2035,11,0,11
1747,2069,0,11,11
1915,2238,11,0,11
2015,2342,11,0,11
2065,2394,11,0,11
2093,2423,11,0,11
2107,2437,0,11,11
2391,2734,11,0,11
2417,2760,11,0,11
2420,2763,11,0,11
2429,2772,11,0,11
2479,2822,11,0,11
2677,3024,11,0,11
2722,3070,11,0,11
2780,3141,11,0,11
2996,3363,9,2,11
3162,3530,11,0,11
3179,3547,11,0,11
3191,3560,11,0,11
3212,3581,11,0,11
3418,3794,11,0,11
3679,4104,11,0,11
3907,4334,11,0,11
3962,4416,11,0,11
4073,4529,11,0,11
4109,4565,11,0,11
4275,4730,11,0,11
4367,4823,11,0,11
4368,4824,11,0,11
4437,5346,11,0,11
4512,SA,11,0,11
93,0093,10,0,10
142,0145,9,1,10
204,0208,10,0,10
225,0229,10,0,10
246,0250,10,0,10
260,0266,10,0,10
325,0334,10,0,10
360,0372,0,10,10
461,0559,10,0,10
606,0705,8,2,10
635,0734,10,0,10
641,0740,10,0,10
678,0778,10,0,10
684,0784,10,0,10
862,0964,10,0,10
913,1015,9,1,10
1152,1284,10,0,10
1259,1393,10,0,10
1265,1399,10,0,10
1295,1430,10,0,10
1354,1490,10,0,10
1414,1550,10,0,10
1447,1583,10,0,10
1469,1606,10,0,10
1661,1901,10,0,10
1686,2007,3,7,10
1691,2011,10,0,10
1701,2021,10,0,10
1791,2113,10,0,10
1831,2153,10,0,10
1897,2220,9,1,10
2059,2388,10,0,10
2089,2419,10,0,10
2097,2427,10,0,10
2160,2491,10,0,10
2331,2674,10,0,10
2433,2776,10,0,10
2434,2777,10,0,10
2485,2828,10,0,10
2720,3068,10,0,10
2774,3134,10,0,10
2818,3181,10,0,10
2897,3264,10,0,10
2938,3305,10,0,10
2977,3344,10,0,10
2990,3357,9,1,10
3000,3367,8,2,10
3098,3465,10,0,10
3125,3493,10,0,10
3185,3553,10,0,10
3261,3636,10,0,10
3423,3799,10,0,10
3788,4213,10,0,10
3811,4236,10,0,10
3815,4240,10,0,10
3879,4305,10,0,10
3917,4344,10,0,10
4012,4467,10,0,10
4042,4498,10,0,10
4113,4568,2,8,10
4160,4615,10,0,10
4180,4635,10,0,10
4220,4675,10,0,10
4221,4676,10,0,10
4422,5331,10,0,10
4495,N,10,0,10
4496,O,10,0,10
86,0086,9,0,9
98,0098,9,0,9
120,0121,8,1,9
177,0181,9,0,9
211,0215,9,0,9
229,0233,9,0,9
244,0248,9,0,9
247,0251,9,0,9
286,0295,9,0,9
326,0335,9,0,9
341,0353,9,0,9
347,0359,9,0,9
446,0544,9,0,9
539,0638,9,0,9
593,0692,9,0,9
611,0710,9,0,9
618,0717,9,0,9
648,0747,9,0,9
715,0815,9,0,9
759,0861,9,0,9
789,0891,9,0,9
790,0892,9,0,9
794,0896,9,0,9
871,0973,9,0,9
873,0975,9,0,9
888,0990,9,0,9
1090,1222,9,0,9
1228,1361,0,9,9
1270,1404,9,0,9
1277,1411,9,0,9
1310,1445,9,0,9
1325,1460,9,0,9
1344,1479,9,0,9
1356,1492,9,0,9
1467,1604,9,0,9
1488,1626,9,0,9
1561,1699,9,0,9
1713,2034,9,0,9
1784,2106,9,0,9
1787,2109,9,0,9
1871,2193,9,0,9
2009,2334,9,0,9
2010,2335,9,0,9
2082,2412,9,0,9
2087,2417,9,0,9
2090,2420,9,0,9
2356,2699,9,0,9
2388,2731,9,0,9
2422,2765,9,0,9
2424,2767,9,0,9
2428,2771,9,0,9
2678,3025,9,0,9
2724,3072,9,0,9
2744,3103,9,0,9
2767,3127,9,0,9
2811,3174,9,0,9
2820,3183,9,0,9
2901,3268,9,0,9
2986,3353,7,2,9
2989,3356,8,1,9
2992,3359,7,2,9
3090,3457,9,0,9
3140,3508,9,0,9
3406,3782,9,0,9
3557,3933,9,0,9
3838,4264,9,0,9
3986,4440,9,0,9
4026,4481,9,0,9
4083,4539,9,0,9
4086,4542,9,0,9
4139,4594,9,0,9
4155,4610,9,0,9
4169,4624,9,0,9
4239,4694,0,9,9
4392,5301,9,0,9
4475,HC,9,0,9
4487,LW,9,0,9
21,0021,8,0,8
108,0108,8,0,8
159,0162,8,0,8
160,0163,7,1,8
230,0234,8,0,8
240,0244,8,0,8
243,0247,8,0,8
254,0259,8,0,8
268,0274,8,0,8
317,0326,8,0,8
350,0362,0,8,8
373,0385,0,8,8
389,0402,8,0,8
438,0536,8,0,8
449,0547,8,0,8
468,0567,8,0,8
492,0591,8,0,8
499,0598,8,0,8
538,0637,8,0,8
570,0669,8,0,8
649,0748,8,0,8
668,0767,8,0,8
676,0776,8,0,8
685,0785,8,0,8
757,0859,8,0,8
761,0863,8,0,8
774,0876,8,0,8
788,0890,8,0,8
911,1013,7,1,8
1015,1121,8,0,8
1027,1136,8,0,8
1046,1156,8,0,8
1073,1204,8,0,8
1084,1216,8,0,8
1131,1263,8,0,8
1217,1350,8,0,8
1299,1434,8,0,8
1332,1467,8,0,8
1343,1478,8,0,8
1353,1489,8,0,8
1367,1503,8,0,8
1386,1522,8,0,8
1401,1537,8,0,8
1404,1540,8,0,8
1408,1544,8,0,8
1438,1574,8,0,8
1460,1597,8,0,8
1481,1619,8,0,8
1484,1622,8,0,8
1750,2072,3,5,8
1758,2080,7,1,8
1794,2116,8,0,8
1963,2287,8,0,8
2026,2353,8,0,8
2034,2361,8,0,8
2040,2368,8,0,8
2058,2387,8,0,8
2078,2408,7,1,8
2117,2447,2,6,8
2119,2449,7,1,8
2133,2464,8,0,8
2271,2603,8,0,8
2273,2605,8,0,8
2290,2622,8,0,8
2371,2714,8,0,8
2483,2826,8,0,8
2492,2835,8,0,8
2493,2836,8,0,8
2673,3020,8,0,8
2701,3048,8,0,8
2705,3052,8,0,8
2766,3126,8,0,8
2807,3169,8,0,8
2817,3180,8,0,8
2835,3200,8,0,8
2838,3203,8,0,8
2874,3240,8,0,8
2953,3320,8,0,8
2979,3346,8,0,8
2987,3354,7,1,8
2988,3355,7,1,8
2991,3358,7,1,8
2999,3366,6,2,8
3001,3368,5,3,8
3118,3486,8,0,8
3128,3496,8,0,8
3131,3499,8,0,8
3132,3500,8,0,8
3152,3520,8,0,8
3165,3533,8,0,8
3188,3556,8,0,8
3213,3582,8,0,8
3215,3584,8,0,8
3231,3606,8,0,8
3244,3619,8,0,8
3935,4365,8,0,8
4119,4574,8,0,8
4172,4627,8,0,8
4191,4646,8,0,8
4209,4664,8,0,8
4228,4683,8,0,8
4319,4774,8,0,8
4339,4795,8,0,8
4466,ES,8,0,8
4499,PH,8,0,8
4536,null-4,8,0,8
18,0018,7,0,7
92,0092,7,0,7
96,0096,7,0,7
156,0159,7,0,7
205,0209,7,0,7
250,0254,7,0,7
255,0260,7,0,7
272,0278,7,0,7
312,0321,7,0,7
352,0364,0,7,7
353,0365,0,7,7
398,0411,7,0,7
453,0551,7,0,7
463,0561,7,0,7
505,0604,6,1,7
550,0649,7,0,7
589,0688,7,0,7
592,0691,7,0,7
755,0857,0,7,7
782,0884,7,0,7
823,0925,7,0,7
848,0950,7,0,7
865,0967,7,0,7
904,1006,7,0,7
932,1035,7,0,7
996,1102,7,0,7
1028,1137,0,7,7
1047,1157,7,0,7
1077,1208,7,0,7
1099,1231,7,0,7
1129,1261,7,0,7
1132,1264,7,0,7
1200,1332,7,0,7
1249,1383,0,7,7
1262,1396,7,0,7
1301,1436,7,0,7
1378,1514,7,0,7
1381,1517,7,0,7
1387,1523,7,0,7
1406,1542,7,0,7
1429,1565,7,0,7
1451,1587,7,0,7
1552,1690,7,0,7
1671,1911,0,7,7
1697,2017,7,0,7
1705,2026,7,0,7
1706,2027,7,0,7
1724,2045,7,0,7
1755,2077,7,0,7
1788,2110,7,0,7
1925,2248,7,0,7
1935,2259,7,0,7
1995,2320,7,0,7
2037,2364,7,0,7
2084,2414,7,0,7
2111,2441,0,7,7
2181,2512,7,0,7
2392,2735,7,0,7
2480,2823,7,0,7
2494,2837,7,0,7
2508,2851,7,0,7
2552,2895,7,0,7
2651,2998,7,0,7
2670,3017,7,0,7
2675,3022,7,0,7
2680,3027,7,0,7
2810,3173,7,0,7
2836,3201,7,0,7
2917,3284,7,0,7
3002,3369,6,1,7
3011,3378,7,0,7
3076,3443,7,0,7
3186,3554,7,0,7
3248,3623,7,0,7
3252,3627,7,0,7
3256,3631,7,0,7
3816,4241,7,0,7
3846,4272,7,0,7
3855,4281,7,0,7
3990,4444,7,0,7
4014,4469,7,0,7
4041,4497,7,0,7
4122,4577,7,0,7
4189,4644,7,0,7
4236,4691,0,7,7
4325,4780,7,0,7
4336,4792,7,0,7
4386,5000,7,0,7
4418,5327,0,7,7
4504,Q,7,0,7
17,0017,6,0,6
42,0042,6,0,6
94,0094,6,0,6
154,0157,6,0,6
157,0160,5,1,6
233,0237,6,0,6
251,0255,6,0,6
288,0297,6,0,6
327,0336,6,0,6
351,0363,0,6,6
359,0371,0,6,6
390,0403,6,0,6
418,0515,6,0,6
497,0596,6,0,6
535,0634,6,0,6
543,0642,6,0,6
554,0653,6,0,6
575,0674,6,0,6
624,0723,6,0,6
628,0727,6,0,6
640,0739,6,0,6
701,0801,6,0,6
703,0803,6,0,6
711,0811,6,0,6
721,0821,6,0,6
738,0839,6,0,6
745,0846,6,0,6
786,0888,6,0,6
863,0965,6,0,6
864,0966,6,0,6
876,0978,6,0,6
879,0981,6,0,6
880,0982,6,0,6
884,0986,6,0,6
1018,1126,6,0,6
1021,1129,5,1,6
1024,1133,6,0,6
1039,1149,6,0,6
1040,1150,6,0,6
1041,1151,6,0,6
1042,1152,6,0,6
1043,1153,6,0,6
1044,1154,6,0,6
1066,1177,6,0,6
1106,1238,6,0,6
1111,1243,6,0,6
1118,1250,6,0,6
1170,1302,6,0,6
1233,1366,6,0,6
1285,1419,6,0,6
1317,1452,6,0,6
1373,1509,6,0,6
1442,1578,6,0,6
1471,1608,6,0,6
1535,1673,6,0,6
1543,1681,6,0,6
1623,1861,6,0,6
1655,1895,6,0,6
1668,1908,0,6,6
1673,1913,6,0,6
1679,2000,6,0,6
1722,2043,6,0,6
1727,2048,6,0,6
1734,2056,0,6,6
1751,2073,0,6,6
1760,2082,6,0,6
1785,2107,6,0,6
1811,2133,6,0,6
1825,2147,6,0,6
1833,2155,6,0,6
1873,2195,6,0,6
1878,2201,6,0,6
1880,2203,6,0,6
1949,2273,6,0,6
1965,2290,6,0,6
1970,2295,6,0,6
1990,2315,2,4,6
2021,2348,6,0,6
2027,2354,6,0,6
2029,2356,6,0,6
2072,2401,6,0,6
2096,2426,6,0,6
2175,2506,6,0,6
2257,2589,6,0,6
2278,2610,6,0,6
2368,2711,6,0,6
2370,2713,6,0,6
2375,2718,6,0,6
2397,2740,6,0,6
2401,2744,6,0,6
2404,2747,6,0,6
2421,2764,6,0,6
2444,2787,6,0,6
2463,2806,6,0,6
2471,2814,6,0,6
2482,2825,6,0,6
2497,2840,6,0,6
2531,2874,6,0,6
2532,2875,6,0,6
2553,2896,6,0,6
2587,2931,6,0,6
2629,2974,6,0,6
2672,3019,6,0,6
2732,3080,6,0,6
2746,3105,6,0,6
2758,3118,0,6,6
2802,3164,6,0,6
2824,3187,6,0,6
2898,3265,6,0,6
2911,3278,6,0,6
2916,3283,6,0,6
2969,3336,6,0,6
3003,3370,5,1,6
3004,3371,5,1,6
3005,3372,5,1,6
3006,3373,5,1,6
3007,3374,5,1,6
3008,3375,5,1,6
3013,3380,6,0,6
3073,3440,6,0,6
3142,3510,6,0,6
3145,3513,6,0,6
3166,3534,6,0,6
3178,3546,6,0,6
3181,3549,6,0,6
3205,3574,6,0,6
3214,3583,6,0,6
3216,3585,6,0,6
3245,3620,6,0,6
3247,3622,6,0,6
3667,4043,6,0,6
3669,4046,6,0,6
3771,4196,6,0,6
3783,4208,6,0,6
3850,4276,6,0,6
3851,4277,6,0,6
3881,4307,6,0,6
3906,4333,6,0,6
3908,4335,6,0,6
3918,4345,6,0,6
3923,4350,6,0,6
3967,4421,6,0,6
3988,4442,6,0,6
4103,4559,6,0,6
4141,4596,6,0,6
4186,4641,6,0,6
4200,4655,6,0,6
4206,4661,6,0,6
4226,4681,6,0,6
4303,4758,6,0,6
4354,4810,6,0,6
4369,4825,6,0,6
4388,5002,6,0,6
4403,5312,6,0,6
4515,SE,6,0,6
6,0006,5,0,5
37,0037,5,0,5
80,0080,5,0,5
111,0111,5,0,5
113,0114,5,0,5
153,0156,5,0,5
158,0161,5,0,5
162,0165,5,0,5
182,0186,5,0,5
213,0217,5,0,5
216,0220,5,0,5
220,0224,5,0,5
269,0275,5,0,5
293,0302,5,0,5
331,0341,5,0,5
335,0347,5,0,5
345,0357,5,0,5
346,0358,5,0,5
354,0366,0,5,5
376,0388,0,5,5
518,0617,5,0,5
532,0631,5,0,5
569,0668,5,0,5
591,0690,5,0,5
644,0743,3,2,5
663,0762,5,0,5
702,0802,5,0,5
733,0833,5,0,5
740,0841,5,0,5
753,0855,5,0,5
805,0907,5,0,5
813,0915,5,0,5
909,1011,4,1,5
912,1014,4,1,5
962,1068,5,0,5
1020,1128,5,0,5
1045,1155,5,0,5
1049,1159,5,0,5
1050,1160,5,0,5
1051,1161,5,0,5
1052,1162,5,0,5
1053,1163,5,0,5
1054,1164,5,0,5
1055,1165,5,0,5
1056,1166,5,0,5
1190,1322,5,0,5
1226,1359,0,5,5
1248,1382,0,5,5
1282,1416,5,0,5
1292,1427,5,0,5
1327,1462,5,0,5
1329,1464,5,0,5
1364,1500,5,0,5
1478,1615,5,0,5
1539,1677,5,0,5
1556,1694,5,0,5
1559,1697,5,0,5
1601,1838,5,0,5
1628,1866,5,0,5
1649,1889,5,0,5
1656,1896,5,0,5
1672,1912,5,0,5
1728,2049,5,0,5
1736,2058,0,5,5
1764,2086,5,0,5
1765,2087,5,0,5
1769,2091,5,0,5
1771,2093,5,0,5
1829,2151,5,0,5
1838,2160,5,0,5
1841,2163,5,0,5
1863,2185,4,1,5
1867,2189,5,0,5
1876,2198,5,0,5
1882,2205,5,0,5
1914,2237,5,0,5
1950,2274,5,0,5
1966,2291,5,0,5
1997,2322,5,0,5
2013,2338,5,0,5
2025,2352,5,0,5
2033,2360,5,0,5
2079,2409,5,0,5
2080,2410,5,0,5
2088,2418,5,0,5
2120,2450,4,1,5
2134,2465,5,0,5
2150,2481,5,0,5
2205,2536,5,0,5
2274,2606,5,0,5
2279,2611,5,0,5
2280,2612,5,0,5
2373,2716,5,0,5
2402,2745,5,0,5
2403,2746,5,0,5
2406,2749,5,0,5
2441,2784,5,0,5
2442,2785,5,0,5
2443,2786,5,0,5
2445,2788,5,0,5
2490,2833,5,0,5
2528,2871,5,0,5
2530,2873,5,0,5
2544,2887,5,0,5
2637,2982,5,0,5
2640,2985,5,0,5
2647,2994,5,0,5
2652,2999,5,0,5
2671,3018,5,0,5
2745,3104,5,0,5
2762,3122,5,0,5
2803,3165,5,0,5
2842,3207,5,0,5
2851,3216,5,0,5
2873,3239,5,0,5
2875,3241,5,0,5
2899,3266,5,0,5
2927,3294,5,0,5
2928,3295,5,0,5
2937,3304,5,0,5
3009,3376,5,0,5
3010,3377,5,0,5
3012,3379,5,0,5
3014,3381,5,0,5
3015,3382,5,0,5
3016,3383,5,0,5
3017,3384,5,0,5
3018,3385,5,0,5
3019,3386,5,0,5
3020,3387,5,0,5
3021,3388,5,0,5
3022,3389,5,0,5
3023,3390,5,0,5
3030,3397,5,0,5
3031,3398,5,0,5
3032,3399,5,0,5
3033,3400,5,0,5
3034,3401,5,0,5
3036,3403,5,0,5
3037,3404,5,0,5
3038,3405,5,0,5
3039,3406,5,0,5
3040,3407,5,0,5
3041,3408,5,0,5
3042,3409,5,0,5
3043,3410,5,0,5
3044,3411,5,0,5
3045,3412,5,0,5
3046,3413,5,0,5
3047,3414,5,0,5
3048,3415,5,0,5
3049,3416,5,0,5
3050,3417,5,0,5
3051,3418,5,0,5
3052,3419,5,0,5
3053,3420,5,0,5
3054,3421,5,0,5
3055,3422,5,0,5
3057,3424,5,0,5
3141,3509,5,0,5
3144,3512,5,0,5
3155,3523,5,0,5
3167,3535,5,0,5
3227,3602,5,0,5
3232,3607,5,0,5
3238,3613,5,0,5
3243,3618,5,0,5
3307,3683,5,0,5
3417,3793,5,0,5
3458,3834,5,0,5
3459,3835,5,0,5
3460,3836,5,0,5
3461,3837,5,0,5
3462,3838,5,0,5
3463,3839,5,0,5
3464,3840,5,0,5
3465,3841,5,0,5
3466,3842,5,0,5
3467,3843,5,0,5
3484,3860,5,0,5
3485,3861,5,0,5
3486,3862,5,0,5
3487,3863,5,0,5
3488,3864,5,0,5
3489,3865,5,0,5
3490,3866,5,0,5
3491,3867,5,0,5
3492,3868,5,0,5
3493,3869,5,0,5
3576,3952,5,0,5
3621,3997,5,0,5
3790,4215,5,0,5
3814,4239,5,0,5
3859,4285,5,0,5
3864,4290,5,0,5
3872,4298,5,0,5
3886,4312,5,0,5
3919,4346,5,0,5
3969,4423,5,0,5
4038,4493,5,0,5
4053,4509,5,0,5
4079,4535,5,0,5
4081,4537,5,0,5
4154,4609,5,0,5
4165,4620,5,0,5
4207,4662,5,0,5
4227,4682,5,0,5
4232,4687,5,0,5
4252,4707,5,0,5
4254,4709,5,0,5
4330,4785,5,0,5
4333,4788,5,0,5
4337,4793,5,0,5
4338,4794,5,0,5
4395,5304,5,0,5
4404,5313,5,0,5
4415,5324,0,5,5
4424,5333,5,0,5
4481,LA,5,0,5
4521,U,5,0,5
4522,VC,5,0,5
41,0041,4,0,4
88,0088,4,0,4
124,0125,4,0,4
161,0164,4,0,4
164,0168,3,1,4
166,0170,4,0,4
167,0171,3,1,4
232,0236,4,0,4
257,0262,4,0,4
270,0276,4,0,4
283,0291,4,0,4
334,0346,4,0,4
371,0383,0,4,4
372,0384,0,4,4
375,0387,0,4,4
391,0404,4,0,4
414,0511,4,0,4
441,0539,4,0,4
483,0582,4,0,4
500,0599,4,0,4
506,0605,4,0,4
511,0610,1,3,4
513,0612,4,0,4
514,0613,1,3,4
542,0641,4,0,4
549,0648,1,3,4
562,0661,2,2,4
616,0715,4,0,4
627,0726,4,0,4
667,0766,4,0,4
723,0823,4,0,4
728,0828,4,0,4
758,0860,4,0,4
765,0867,4,0,4
776,0878,4,0,4
783,0885,4,0,4
796,0898,4,0,4
798,0900,4,0,4
827,0929,4,0,4
867,0969,4,0,4
868,0970,4,0,4
869,0971,4,0,4
872,0974,4,0,4
905,1007,4,0,4
906,1008,3,1,4
941,1044,4,0,4
950,1053,4,0,4
1008,1114,4,0,4
1009,1115,4,0,4
1022,1130,4,0,4
1031,1140,4,0,4
1092,1224,4,0,4
1107,1239,4,0,4
1110,1242,4,0,4
1119,1251,4,0,4
1127,1259,4,0,4
1189,1321,4,0,4
1218,1351,4,0,4
1247,1381,0,4,4
1266,1400,4,0,4
1275,1409,4,0,4
1320,1455,4,0,4
1324,1459,4,0,4
1360,1496,4,0,4
1362,1498,4,0,4
1372,1508,4,0,4
1374,1510,4,0,4
1375,1511,4,0,4
1392,1528,4,0,4
1412,1548,4,0,4
1417,1553,4,0,4
1423,1559,4,0,4
1431,1567,4,0,4
1441,1577,4,0,4
1443,1579,4,0,4
1446,1582,4,0,4
1452,1588,4,0,4
1453,1589,4,0,4
1454,1590,4,0,4
1463,1600,4,0,4
1477,1614,4,0,4
1482,1620,4,0,4
1547,1685,4,0,4
1651,1891,3,1,4
1660,1900,4,0,4
1663,1903,4,0,4
1688,2008,4,0,4
1689,2009,4,0,4
1692,2012,4,0,4
1752,2074,0,4,4
1766,2088,4,0,4
1773,2095,4,0,4
1777,2099,4,0,4
1797,2119,4,0,4
1843,2165,4,0,4
1845,2167,4,0,4
1866,2188,4,0,4
1872,2194,4,0,4
1874,2196,4,0,4
1879,2202,4,0,4
1940,2264,4,0,4
1954,2278,4,0,4
1992,2317,0,4,4
2003,2328,4,0,4
2019,2346,4,0,4
2023,2350,4,0,4
2127,2458,4,0,4
2169,2500,4,0,4
2177,2508,4,0,4
2188,2519,4,0,4
2211,2542,4,0,4
2214,2545,4,0,4
2269,2601,4,0,4
2312,2644,4,0,4
2321,2653,4,0,4
2322,2654,4,0,4
2365,2708,4,0,4
2367,2710,4,0,4
2369,2712,4,0,4
2372,2715,4,0,4
2374,2717,4,0,4
2376,2719,4,0,4
2407,2750,4,0,4
2408,2751,4,0,4
2409,2752,4,0,4
2410,2753,4,0,4
2411,2754,4,0,4
2412,2755,4,0,4
2413,2756,4,0,4
2426,2769,4,0,4
2484,2827,4,0,4
2489,2832,4,0,4
2509,2852,4,0,4
2517,2860,4,0,4
2525,2868,4,0,4
2529,2872,4,0,4
2590,2934,4,0,4
2591,2935,4,0,4
2593,2937,4,0,4
2597,2942,4,0,4
2599,2944,4,0,4
2669,3016,4,0,4
2699,3046,4,0,4
2703,3050,4,0,4
2719,3066,4,0,4
2753,3113,4,0,4
2757,3117,4,0,4
2772,3132,4,0,4
2784,3145,4,0,4
2788,3149,4,0,4
2823,3186,4,0,4
2829,3192,4,0,4
2856,3221,4,0,4
2862,3227,4,0,4
2863,3228,4,0,4
2883,3249,4,0,4
2894,3260,4,0,4
2924,3291,4,0,4
2932,3299,4,0,4
2935,3302,4,0,4
2963,3330,4,0,4
2965,3332,4,0,4
2971,3338,4,0,4
3024,3391,4,0,4
3025,3392,4,0,4
3026,3393,4,0,4
3027,3394,4,0,4
3028,3395,4,0,4
3029,3396,4,0,4
3035,3402,4,0,4
3056,3423,4,0,4
3058,3425,4,0,4
3059,3426,4,0,4
3060,3427,4,0,4
3061,3428,4,0,4
3062,3429,4,0,4
3063,3430,4,0,4
3078,3445,4,0,4
3124,3492,4,0,4
3136,3504,4,0,4
3139,3507,4,0,4
3157,3525,4,0,4
3164,3532,4,0,4
3195,3564,4,0,4
3198,3567,4,0,4
3228,3603,4,0,4
3229,3604,4,0,4
3230,3605,4,0,4
3235,3610,4,0,4
3239,3614,4,0,4
3240,3615,4,0,4
3241,3616,4,0,4
3242,3617,4,0,4
3246,3621,4,0,4
3249,3624,4,0,4
3250,3625,4,0,4
3262,3637,4,0,4
3263,3638,4,0,4
3315,3691,4,0,4
3316,3692,4,0,4
3325,3701,4,0,4
3335,3711,4,0,4
3337,3713,4,0,4
3415,3791,4,0,4
3424,3800,4,0,4
3425,3801,4,0,4
3430,3806,4,0,4
3440,3816,4,0,4
3443,3819,4,0,4
3444,3820,4,0,4
3445,3821,4,0,4
3446,3822,4,0,4
3447,3823,4,0,4
3468,3844,4,0,4
3469,3845,4,0,4
3470,3846,4,0,4
3471,3847,4,0,4
3472,3848,4,0,4
3473,3849,4,0,4
3474,3850,4,0,4
3475,3851,4,0,4
3476,3852,4,0,4
3477,3853,4,0,4
3478,3854,4,0,4
3479,3855,4,0,4
3480,3856,4,0,4
3481,3857,4,0,4
3482,3858,4,0,4
3483,3859,4,0,4
3494,3870,4,0,4
3495,3871,4,0,4
3496,3872,4,0,4
3497,3873,4,0,4
3498,3874,4,0,4
3499,3875,4,0,4
3500,3876,4,0,4
3501,3877,4,0,4
3502,3878,4,0,4
3503,3879,4,0,4
3504,3880,4,0,4
3505,3881,4,0,4
3506,3882,4,0,4
3507,3883,4,0,4
3508,3884,4,0,4
3509,3885,4,0,4
3510,3886,4,0,4
3511,3887,4,0,4
3512,3888,4,0,4
3513,3889,4,0,4
3514,3890,4,0,4
3519,3895,4,0,4
3523,3899,4,0,4
3524,3900,4,0,4
3525,3901,4,0,4
3553,3929,4,0,4
3558,3934,4,0,4
3559,3935,4,0,4
3560,3936,4,0,4
3561,3937,4,0,4
3562,3938,4,0,4
3563,3939,4,0,4
3564,3940,4,0,4
3565,3941,4,0,4
3566,3942,4,0,4
3575,3951,4,0,4
3577,3953,4,0,4
3682,4107,4,0,4
3789,4214,4,0,4
3806,4231,4,0,4
3807,4232,2,2,4
3813,4238,4,0,4
3827,4252,4,0,4
3839,4265,4,0,4
3860,4286,4,0,4
3866,4292,4,0,4
3878,4304,4,0,4
3930,4360,4,0,4
3942,4373,4,0,4
3956,4410,4,0,4
3980,4434,4,0,4
3984,4438,4,0,4
3991,4445,4,0,4
4004,4458,4,0,4
4018,4473,4,0,4
4028,4483,4,0,4
4033,4488,4,0,4
4085,4541,4,0,4
4100,4556,4,0,4
4132,4587,4,0,4
4174,4629,4,0,4
4187,4642,4,0,4
4203,4658,4,0,4
4211,4666,4,0,4
4257,4712,4,0,4
4269,4724,4,0,4
4282,4737,4,0,4
4289,4744,4,0,4
4307,4762,4,0,4
4324,4779,4,0,4
4363,4819,4,0,4
4401,5310,4,0,4
4416,5325,0,4,4
4417,5326,0,4,4
4421,5330,4,0,4
4490,MC,4,0,4
104,0104,3,0,3
122,0123,3,0,3
135,0138,3,0,3
148,0151,3,0,3
165,0169,3,0,3
214,0218,3,0,3
242,0246,3,0,3
267,0273,3,0,3
278,0284,2,1,3
291,0300,3,0,3
294,0303,3,0,3
362,0374,0,3,3
419,0516,3,0,3
451,0549,3,0,3
466,0564,3,0,3
509,0608,3,0,3
526,0625,3,0,3
558,0657,3,0,3
564,0663,3,0,3
583,0682,3,0,3
590,0689,3,0,3
604,0703,3,0,3
620,0719,3,0,3
651,0750,3,0,3
669,0768,3,0,3
691,0791,3,0,3
692,0792,3,0,3
710,0810,3,0,3
727,0827,3,0,3
737,0838,3,0,3
754,0856,0,3,3
763,0865,3,0,3
766,0868,3,0,3
771,0873,3,0,3
778,0880,3,0,3
781,0883,3,0,3
795,0897,3,0,3
846,0948,3,0,3
860,0962,3,0,3
878,0980,3,0,3
881,0983,3,0,3
934,1037,3,0,3
935,1038,3,0,3
945,1048,3,0,3
946,1049,3,0,3
947,1050,3,0,3
948,1051,3,0,3
949,1052,3,0,3
951,1054,3,0,3
961,1067,3,0,3
965,1071,3,0,3
985,1091,3,0,3
999,1105,3,0,3
1004,1110,3,0,3
1213,1346,3,0,3
1215,1348,3,0,3
1224,1357,3,0,3
1242,1376,0,3,3
1256,1390,3,0,3
1305,1440,3,0,3
1363,1499,3,0,3
1366,1502,3,0,3
1384,1520,3,0,3
1393,1529,3,0,3
1430,1566,3,0,3
1433,1569,3,0,3
1457,1594,3,0,3
1466,1603,3,0,3
1473,1610,3,0,3
1495,1633,1,2,3
1545,1683,3,0,3
1553,1691,3,0,3
1622,1860,3,0,3
1653,1893,3,0,3
1665,1905,0,3,3
1669,1909,0,3,3
1680,2001,3,0,3
1698,2018,3,0,3
1712,2033,3,0,3
1749,2071,3,0,3
1762,2084,3,0,3
1763,2085,3,0,3
1774,2096,3,0,3
1775,2097,3,0,3
1839,2161,3,0,3
1842,2164,3,0,3
1864,2186,2,1,3
1865,2187,2,1,3
1899,2222,2,1,3
1906,2229,2,1,3
1923,2246,3,0,3
1931,2255,3,0,3
1952,2276,3,0,3
1968,2293,3,0,3
1969,2294,3,0,3
1971,2296,3,0,3
1985,2310,0,3,3
1991,2316,0,3,3
1998,2323,3,0,3
2032,2359,3,0,3
2041,2369,3,0,3
2048,2376,3,0,3
2049,2377,3,0,3
2064,2393,3,0,3
2069,2398,3,0,3
2091,2421,3,0,3
2128,2459,3,0,3
2130,2461,3,0,3
2131,2462,3,0,3
2135,2466,3,0,3
2148,2479,3,0,3
2163,2494,3,0,3
2164,2495,3,0,3
2165,2496,3,0,3
2166,2497,3,0,3
2167,2498,3,0,3
2168,2499,3,0,3
2170,2501,3,0,3
2171,2502,3,0,3
2172,2503,3,0,3
2173,2504,3,0,3
2174,2505,3,0,3
2176,2507,3,0,3
2178,2509,3,0,3
2179,2510,3,0,3
2180,2511,3,0,3
2185,2516,3,0,3
2189,2520,3,0,3
2190,2521,3,0,3
2191,2522,3,0,3
2192,2523,3,0,3
2193,2524,3,0,3
2194,2525,3,0,3
2195,2526,3,0,3
2196,2527,3,0,3
2197,2528,3,0,3
2198,2529,3,0,3
2199,2530,3,0,3
2200,2531,3,0,3
2201,2532,3,0,3
2202,2533,3,0,3
2206,2537,3,0,3
2207,2538,3,0,3
2208,2539,3,0,3
2209,2540,3,0,3
2212,2543,3,0,3
2213,2544,3,0,3
2215,2546,3,0,3
2216,2547,3,0,3
2217,2548,3,0,3
2218,2549,3,0,3
2219,2550,3,0,3
2220,2551,3,0,3
2221,2552,3,0,3
2222,2553,3,0,3
2223,2554,3,0,3
2225,2556,3,0,3
2226,2557,3,0,3
2227,2558,3,0,3
2228,2559,3,0,3
2229,2560,3,0,3
2230,2561,3,0,3
2231,2562,3,0,3
2232,2563,3,0,3
2233,2564,3,0,3
2234,2565,3,0,3
2235,2566,3,0,3
2236,2567,3,0,3
2237,2568,3,0,3
2238,2569,3,0,3
2239,2570,3,0,3
2240,2571,3,0,3
2241,2572,3,0,3
2242,2573,3,0,3
2243,2574,3,0,3
2244,2575,3,0,3
2245,2576,3,0,3
2246,2577,3,0,3
2247,2578,3,0,3
2248,2579,3,0,3
2253,2584,3,0,3
2255,2587,3,0,3
2261,2593,3,0,3
2263,2595,3,0,3
2287,2619,3,0,3
2289,2621,3,0,3
2297,2629,3,0,3
2302,2634,3,0,3
2309,2641,3,0,3
2313,2645,3,0,3
2338,2681,3,0,3
2358,2701,3,0,3
2362,2705,3,0,3
2382,2725,3,0,3
2394,2737,3,0,3
2396,2739,3,0,3
2399,2742,3,0,3
2446,2789,3,0,3
2465,2808,3,0,3
2477,2820,3,0,3
2491,2834,3,0,3
2510,2853,3,0,3
2519,2862,3,0,3
2538,2881,3,0,3
2585,2929,3,0,3
2592,2936,3,0,3
2598,2943,3,0,3
2643,2990,3,0,3
2645,2992,3,0,3
2663,3010,3,0,3
2676,3023,3,0,3
2682,3029,3,0,3
2685,3032,3,0,3
2695,3042,3,0,3
2714,3061,3,0,3
2715,3062,3,0,3
2760,3120,3,0,3
2768,3128,3,0,3
2832,3197,3,0,3
2846,3211,3,0,3
2857,3222,3,0,3
2860,3225,3,0,3
2865,3230,3,0,3
2871,3237,3,0,3
2876,3242,3,0,3
2893,3259,3,0,3
2905,3272,3,0,3
2921,3288,3,0,3
2970,3337,3,0,3
3066,3433,3,0,3
3069,3436,3,0,3
3081,3448,3,0,3
3089,3456,3,0,3
3100,3467,3,0,3
3120,3488,3,0,3
3122,3490,3,0,3
3154,3522,3,0,3
3158,3526,3,0,3
3173,3541,3,0,3
3175,3543,3,0,3
3176,3544,3,0,3
3193,3562,3,0,3
3217,3592,3,0,3
3233,3608,3,0,3
3234,3609,3,0,3
3236,3611,3,0,3
3237,3612,3,0,3
3272,3647,3,0,3
3277,3652,3,0,3
3308,3684,3,0,3
3309,3685,3,0,3
3310,3686,3,0,3
3311,3687,3,0,3
3312,3688,3,0,3
3318,3694,3,0,3
3319,3695,3,0,3
3320,3696,3,0,3
3324,3700,3,0,3
3330,3706,3,0,3
3332,3708,3,0,3
3333,3709,3,0,3
3334,3710,3,0,3
3336,3712,3,0,3
3346,3722,3,0,3
3422,3798,3,0,3
3428,3804,3,0,3
3448,3824,3,0,3
3449,3825,3,0,3
3450,3826,3,0,3
3451,3827,3,0,3
3452,3828,3,0,3
3453,3829,3,0,3
3454,3830,3,0,3
3455,3831,3,0,3
3457,3833,3,0,3
3515,3891,3,0,3
3516,3892,3,0,3
3517,3893,3,0,3
3518,3894,3,0,3
3520,3896,3,0,3
3521,3897,3,0,3
3522,3898,3,0,3
3526,3902,3,0,3
3527,3903,3,0,3
3528,3904,3,0,3
3529,3905,3,0,3
3530,3906,3,0,3
3531,3907,3,0,3
3532,3908,3,0,3
3533,3909,3,0,3
3534,3910,3,0,3
3535,3911,3,0,3
3536,3912,3,0,3
3537,3913,3,0,3
3538,3914,3,0,3
3539,3915,3,0,3
3540,3916,3,0,3
3541,3917,3,0,3
3542,3918,3,0,3
3543,3919,3,0,3
3544,3920,3,0,3
3545,3921,3,0,3
3546,3922,3,0,3
3547,3923,3,0,3
3548,3924,3,0,3
3549,3925,3,0,3
3550,3926,3,0,3
3551,3927,3,0,3
3552,3928,3,0,3
3554,3930,3,0,3
3556,3932,3,0,3
3608,3984,3,0,3
3613,3989,3,0,3
3625,4001,3,0,3
3680,4105,3,0,3
3687,4112,3,0,3
3688,4113,3,0,3
3689,4114,3,0,3
3690,4115,3,0,3
3691,4116,3,0,3
3692,4117,3,0,3
3693,4118,3,0,3
3694,4119,3,0,3
3695,4120,3,0,3
3696,4121,3,0,3
3697,4122,3,0,3
3698,4123,3,0,3
3699,4124,3,0,3
3700,4125,3,0,3
3701,4126,3,0,3
3702,4127,3,0,3
3703,4128,3,0,3
3704,4129,3,0,3
3705,4130,3,0,3
3706,4131,3,0,3
3707,4132,3,0,3
3711,4136,3,0,3
3718,4143,3,0,3
3719,4144,3,0,3
3779,4204,3,0,3
3780,4205,3,0,3
3781,4206,3,0,3
3793,4218,3,0,3
3841,4267,3,0,3
3849,4275,0,3,3
3852,4278,3,0,3
3853,4279,3,0,3
3858,4284,3,0,3
3883,4309,3,0,3
3895,4321,3,0,3
3910,4337,3,0,3
3947,4401,3,0,3
3957,4411,3,0,3
3977,4431,3,0,3
3992,4446,3,0,3
4010,4465,3,0,3
4015,4470,3,0,3
4020,4475,3,0,3
4058,4514,3,0,3
4082,4538,3,0,3
4084,4540,3,0,3
4094,4550,3,0,3
4098,4554,3,0,3
4104,4560,3,0,3
4136,4591,3,0,3
4161,4616,3,0,3
4163,4618,3,0,3
4164,4619,3,0,3
4167,4622,3,0,3
4170,4625,3,0,3
4175,4630,3,0,3
4178,4633,3,0,3
4233,4688,3,0,3
4272,4727,3,0,3
4276,4731,3,0,3
4290,4745,3,0,3
4298,4753,3,0,3
4301,4756,3,0,3
4305,4760,3,0,3
4322,4777,3,0,3
4355,4811,3,0,3
4358,4814,3,0,3
4362,4818,3,0,3
4380,4843,3,0,3
4396,5305,3,0,3
4397,5306,3,0,3
4408,5317,3,0,3
4413,5322,3,0,3
4427,5336,3,0,3
4484,LM,3,0,3
4531,XX,3,0,3
82,0082,2,0,2
97,0097,2,0,2
140,0143,2,0,2
143,0146,2,0,2
209,0213,2,0,2
236,0240,2,0,2
237,0241,2,0,2
239,0243,2,0,2
253,0258,2,0,2
271,0277,2,0,2
273,0279,2,0,2
274,0280,2,0,2
275,0281,2,0,2
280,0286,2,0,2
285,0293,2,0,2
307,0316,2,0,2
332,0342,2,0,2
333,0343,2,0,2
348,0360,2,0,2
365,0377,0,2,2
366,0378,0,2,2
387,0400,2,0,2
402,0416,2,0,2
406,0503,2,0,2
425,0522,1,1,2
464,0562,2,0,2
472,0571,2,0,2
496,0595,2,0,2
567,0666,1,1,2
572,0671,2,0,2
573,0672,2,0,2
579,0678,2,0,2
580,0679,2,0,2
588,0687,1,1,2
610,0709,2,0,2
633,0732,2,0,2
645,0744,2,0,2
646,0745,2,0,2
650,0749,2,0,2
693,0793,2,0,2
720,0820,2,0,2
734,0834,2,0,2
736,0837,2,0,2
742,0843,2,0,2
743,0844,2,0,2
764,0866,2,0,2
775,0877,2,0,2
779,0881,2,0,2
780,0882,2,0,2
785,0887,2,0,2
787,0889,2,0,2
800,0902,2,0,2
838,0940,2,0,2
841,0943,2,0,2
866,0968,2,0,2
874,0976,2,0,2
875,0977,2,0,2
891,0993,2,0,2
893,0995,2,0,2
894,0996,2,0,2
895,0997,2,0,2
896,0998,2,0,2
897,0999,2,0,2
908,1010,1,1,2
910,1012,1,1,2
915,1017,1,1,2
929,1032,2,0,2
933,1036,2,0,2
936,1039,2,0,2
937,1040,2,0,2
938,1041,2,0,2
953,1057,2,0,2
963,1069,2,0,2
964,1070,2,0,2
975,1081,2,0,2
977,1083,2,0,2
979,1085,2,0,2
1001,1107,2,0,2
1002,1108,2,0,2
1023,1131,2,0,2
1032,1141,2,0,2
1062,1173,2,0,2
1085,1217,2,0,2
1165,1297,2,0,2
1229,1362,2,0,2
1230,1363,2,0,2
1232,1365,2,0,2
1263,1397,2,0,2
1267,1401,2,0,2
1281,1415,2,0,2
1300,1435,2,0,2
1306,1441,2,0,2
1318,1453,2,0,2
1323,1458,2,0,2
1333,1468,2,0,2
1335,1470,2,0,2
1339,1474,2,0,2
1349,1484,2,0,2
1352,1488,2,0,2
1382,1518,2,0,2
1390,1526,2,0,2
1396,1532,2,0,2
1398,1534,2,0,2
1435,1571,2,0,2
1455,1591,2,0,2
1464,1601,2,0,2
1472,1609,2,0,2
1474,1611,2,0,2
1479,1617,2,0,2
1493,1631,2,0,2
1494,1632,2,0,2
1534,1672,2,0,2
1546,1684,2,0,2
1554,1692,2,0,2
1560,1698,2,0,2
1574,1811,2,0,2
1577,1814,2,0,2
1578,1815,2,0,2
1579,1816,2,0,2
1583,1820,2,0,2
1584,1821,2,0,2
1597,1834,2,0,2
1605,1842,2,0,2
1614,1851,2,0,2
1615,1852,2,0,2
1644,1884,2,0,2
1666,1906,2,0,2
1687,20073,2,0,2
1690,2010,2,0,2
1704,2024,2,0,2
1711,2032,2,0,2
1715,2036,2,0,2
1723,2044,2,0,2
1726,2047,2,0,2
1729,2050,2,0,2
1767,2089,2,0,2
1772,2094,2,0,2
1776,2098,2,0,2
1779,2101,2,0,2
1783,2105,2,0,2
1789,2111,2,0,2
1790,2112,2,0,2
1792,2114,2,0,2
1793,2115,2,0,2
1801,2123,2,0,2
1802,2124,2,0,2
1816,2138,2,0,2
1826,2148,2,0,2
1827,2149,2,0,2
1828,2150,2,0,2
1830,2152,2,0,2
1840,2162,2,0,2
1846,2168,2,0,2
1847,2169,2,0,2
1849,2171,2,0,2
1877,2199,2,0,2
1886,2209,1,1,2
1891,2214,0,2,2
1903,2226,1,1,2
1904,2227,1,1,2
1905,2228,1,1,2
1921,2244,2,0,2
1922,2245,2,0,2
1924,2247,2,0,2
1929,2253,2,0,2
1930,2254,2,0,2
1948,2272,2,0,2
1951,2275,2,0,2
1953,2277,2,0,2
1960,2284,2,0,2
1961,2285,2,0,2
1962,2286,2,0,2
1976,2301,1,1,2
1999,2324,2,0,2
2000,2325,2,0,2
2001,2326,2,0,2
2007,2332,2,0,2
2014,2339,2,0,2
2028,2355,2,0,2
2035,2362,2,0,2
2036,2363,2,0,2
2038,2365,2,0,2
2047,2375,2,0,2
2050,2379,2,0,2
2051,2380,2,0,2
2052,2381,2,0,2
2062,2391,2,0,2
2063,2392,2,0,2
2066,2395,2,0,2
2068,2397,2,0,2
2074,2403,0,2,2
2075,2404,0,2,2
2076,2406,2,0,2
2077,2407,2,0,2
2092,2422,2,0,2
2094,2424,2,0,2
2116,2446,1,1,2
2126,2457,2,0,2
2132,2463,2,0,2
2147,2478,2,0,2
2151,2482,2,0,2
2153,2484,2,0,2
2154,2485,2,0,2
2155,2486,2,0,2
2156,2487,2,0,2
2157,2488,2,0,2
2159,2490,2,0,2
2183,2514,2,0,2
2186,2517,2,0,2
2210,2541,2,0,2
2224,2555,2,0,2
2258,2590,2,0,2
2260,2592,2,0,2
2262,2594,2,0,2
2270,2602,2,0,2
2272,2604,2,0,2
2277,2609,2,0,2
2282,2614,2,0,2
2284,2616,2,0,2
2286,2618,2,0,2
2291,2623,2,0,2
2293,2625,2,0,2
2299,2631,2,0,2
2300,2632,2,0,2
2306,2638,2,0,2
2311,2643,2,0,2
2323,2655,2,0,2
2354,2697,2,0,2
2359,2702,2,0,2
2364,2707,2,0,2
2366,2709,2,0,2
2377,2720,2,0,2
2378,2721,2,0,2
2381,2724,2,0,2
2383,2726,2,0,2
2385,2728,2,0,2
2387,2730,2,0,2
2390,2733,2,0,2
2450,2793,2,0,2
2459,2802,2,0,2
2460,2803,2,0,2
2464,2807,2,0,2
2466,2809,2,0,2
2470,2813,2,0,2
2486,2829,2,0,2
2507,2850,2,0,2
2511,2854,2,0,2
2512,2855,2,0,2
2513,2856,2,0,2
2514,2857,2,0,2
2515,2858,2,0,2
2516,2859,2,0,2
2518,2861,2,0,2
2520,2863,2,0,2
2521,2864,2,0,2
2522,2865,2,0,2
2523,2866,2,0,2
2524,2867,2,0,2
2526,2869,2,0,2
2527,2870,2,0,2
2533,2876,2,0,2
2534,2877,2,0,2
2535,2878,2,0,2
2536,2879,2,0,2
2537,2880,2,0,2
2539,2882,2,0,2
2540,2883,2,0,2
2541,2884,2,0,2
2542,2885,2,0,2
2543,2886,2,0,2
2545,2888,2,0,2
2546,2889,2,0,2
2547,2890,2,0,2
2548,2891,2,0,2
2549,2892,2,0,2
2550,2893,2,0,2
2573,2917,2,0,2
2575,2919,2,0,2
2577,2921,2,0,2
2580,2924,2,0,2
2583,2927,2,0,2
2588,2932,2,0,2
2589,2933,2,0,2
2594,2939,2,0,2
2595,2940,2,0,2
2596,2941,2,0,2
2602,2947,2,0,2
2603,2948,2,0,2
2604,2949,2,0,2
2605,2950,2,0,2
2606,2951,2,0,2
2607,2952,2,0,2
2608,2953,2,0,2
2609,2954,2,0,2
2611,2956,2,0,2
2612,2957,2,0,2
2613,2958,2,0,2
2614,2959,2,0,2
2615,2960,2,0,2
2616,2961,2,0,2
2617,2962,2,0,2
2618,2963,2,0,2
2619,2964,2,0,2
2620,2965,2,0,2
2621,2966,2,0,2
2622,2967,2,0,2
2623,2968,2,0,2
2624,2969,2,0,2
2625,2970,2,0,2
2628,2973,2,0,2
2639,2984,2,0,2
2641,2987,2,0,2
2646,2993,2,0,2
2650,2997,2,0,2
2654,3001,2,0,2
2655,3002,2,0,2
2656,3003,2,0,2
2657,3004,2,0,2
2658,3005,2,0,2
2659,3006,2,0,2
2660,3007,2,0,2
2662,3009,2,0,2
2666,3013,2,0,2
2667,3014,2,0,2
2679,3026,2,0,2
2683,3030,2,0,2
2684,3031,2,0,2
2686,3033,2,0,2
2687,3034,2,0,2
2688,3035,2,0,2
2689,3036,2,0,2
2690,3037,2,0,2
2691,3038,2,0,2
2692,3039,2,0,2
2693,3040,2,0,2
2694,3041,2,0,2
2696,3043,2,0,2
2697,3044,2,0,2
2698,3045,2,0,2
2706,3053,2,0,2
2707,3054,2,0,2
2708,3055,2,0,2
2709,3056,2,0,2
2710,3057,2,0,2
2711,3058,2,0,2
2713,3060,2,0,2
2728,3076,2,0,2
2729,3077,2,0,2
2730,3078,2,0,2
2731,3079,2,0,2
2734,3082,2,0,2
2735,3083,2,0,2
2736,3084,2,0,2
2737,3085,2,0,2
2738,3086,2,0,2
2739,3087,2,0,2
2740,3088,2,0,2
2741,3089,2,0,2
2759,3119,2,0,2
2761,3121,2,0,2
2763,3123,2,0,2
2769,3129,2,0,2
2771,3131,2,0,2
2777,3138,2,0,2
2779,3140,2,0,2
2781,3142,2,0,2
2785,3146,2,0,2
2790,3151,2,0,2
2791,3152,2,0,2
2814,3177,2,0,2
2815,3178,2,0,2
2822,3185,2,0,2
2825,3188,2,0,2
2831,3194,2,0,2
2840,3205,2,0,2
2858,3223,2,0,2
2868,3233,2,0,2
2881,3247,2,0,2
2889,3255,2,0,2
2890,3256,2,0,2
2891,3257,2,0,2
2922,3289,2,0,2
2925,3292,2,0,2
2933,3300,2,0,2
2939,3306,2,0,2
2940,3307,2,0,2
2941,3308,2,0,2
2942,3309,2,0,2
2943,3310,2,0,2
2944,3311,2,0,2
2945,3312,2,0,2
2946,3313,2,0,2
2958,3325,2,0,2
2964,3331,2,0,2
2966,3333,2,0,2
2967,3334,2,0,2
3064,3431,2,0,2
3068,3435,2,0,2
3077,3444,2,0,2
3095,3462,2,0,2
3096,3463,2,0,2
3153,3521,2,0,2
3159,3527,2,0,2
3160,3528,2,0,2
3177,3545,2,0,2
3190,3559,2,0,2
3192,3561,2,0,2
3194,3563,2,0,2
3209,3578,2,0,2
3218,3593,2,0,2
3219,3594,2,0,2
3220,3595,2,0,2
3221,3596,2,0,2
3222,3597,2,0,2
3223,3598,2,0,2
3224,3599,2,0,2
3225,3600,2,0,2
3266,3641,2,0,2
3268,3643,2,0,2
3270,3645,2,0,2
3274,3649,2,0,2
3275,3650,2,0,2
3276,3651,2,0,2
3278,3653,2,0,2
3313,3689,2,0,2
3321,3697,2,0,2
3323,3699,2,0,2
3326,3702,2,0,2
3331,3707,2,0,2
3338,3714,2,0,2
3342,3718,2,0,2
3343,3719,2,0,2
3350,3726,2,0,2
3398,3774,2,0,2
3405,3781,2,0,2
3411,3787,2,0,2
3414,3790,2,0,2
3420,3796,2,0,2
3421,3797,2,0,2
3426,3802,2,0,2
3427,3803,2,0,2
3429,3805,2,0,2
3456,3832,2,0,2
3555,3931,2,0,2
3584,3960,2,0,2
3589,3965,2,0,2
3614,3990,2,0,2
3644,4020,2,0,2
3676,4101,2,0,2
3683,4108,2,0,2
3686,4111,2,0,2
3708,4133,2,0,2
3709,4134,2,0,2
3710,4135,2,0,2
3713,4138,2,0,2
3714,4139,2,0,2
3715,4140,2,0,2
3716,4141,2,0,2
3717,4142,2,0,2
3720,4145,2,0,2
3721,4146,2,0,2
3722,4147,2,0,2
3723,4148,2,0,2
3724,4149,2,0,2
3725,4150,2,0,2
3726,4151,2,0,2
3727,4152,2,0,2
3728,4153,2,0,2
3729,4154,2,0,2
3730,4155,2,0,2
3731,4156,2,0,2
3732,4157,2,0,2
3733,4158,2,0,2
3734,4159,2,0,2
3735,4160,2,0,2
3736,4161,2,0,2
3737,4162,2,0,2
3738,4163,2,0,2
3739,4164,2,0,2
3740,4165,2,0,2
3741,4166,2,0,2
3742,4167,2,0,2
3743,4168,2,0,2
3744,4169,2,0,2
3745,4170,2,0,2
3746,4171,2,0,2
3747,4172,2,0,2
3748,4173,2,0,2
3749,4174,2,0,2
3750,4175,2,0,2
3751,4176,2,0,2
3752,4177,2,0,2
3753,4178,2,0,2
3754,4179,2,0,2
3755,4180,2,0,2
3756,4181,2,0,2
3757,4182,2,0,2
3758,4183,2,0,2
3759,4184,2,0,2
3760,4185,2,0,2
3761,4186,2,0,2
3762,4187,2,0,2
3763,4188,2,0,2
3764,4189,2,0,2
3765,4190,2,0,2
3766,4191,2,0,2
3767,4192,2,0,2
3768,4193,2,0,2
3769,4194,2,0,2
3775,4200,2,0,2
3784,4209,2,0,2
3785,4210,2,0,2
3792,4217,2,0,2
3812,4237,2,0,2
3824,4249,2,0,2
3825,4250,2,0,2
3837,4263,2,0,2
3865,4291,2,0,2
3867,4293,2,0,2
3870,4296,2,0,2
3871,4297,2,0,2
3874,4300,2,0,2
3876,4302,2,0,2
3880,4306,2,0,2
3887,4313,2,0,2
3888,4314,2,0,2
3889,4315,2,0,2
3901,4328,2,0,2
3902,4329,2,0,2
3924,4352,2,0,2
3927,4356,2,0,2
3939,4370,2,0,2
3959,4413,2,0,2
3961,4415,2,0,2
3963,4417,2,0,2
3964,4418,2,0,2
3973,4427,2,0,2
3974,4428,2,0,2
3976,4430,2,0,2
3989,4443,0,2,2
3993,4447,2,0,2
3996,4450,2,0,2
3997,4451,2,0,2
4000,4454,2,0,2
4003,4457,2,0,2
4019,4474,2,0,2
4022,4477,2,0,2
4024,4479,2,0,2
4025,4480,2,0,2
4027,4482,2,0,2
4029,4484,2,0,2
4032,4487,2,0,2
4045,4501,2,0,2
4052,4508,2,0,2
4059,4515,2,0,2
4061,4517,2,0,2
4062,4518,2,0,2
4090,4546,2,0,2
4092,4548,2,0,2
4093,4549,2,0,2
4095,4551,2,0,2
4096,4552,2,0,2
4097,4553,2,0,2
4102,4558,2,0,2
4107,4563,2,0,2
4112,4567,0,2,2
4116,4571,2,0,2
4118,4573,2,0,2
4128,4583,2,0,2
4134,4589,2,0,2
4143,4598,2,0,2
4145,4600,2,0,2
4151,4606,2,0,2
4171,4626,2,0,2
4185,4640,2,0,2
4196,4651,2,0,2
4197,4652,2,0,2
4215,4670,2,0,2
4222,4677,2,0,2
4231,4686,2,0,2
4234,4689,2,0,2
4235,4690,0,2,2
4248,4703,2,0,2
4249,4704,2,0,2
4250,4705,2,0,2
4258,4713,2,0,2
4259,4714,2,0,2
4260,4715,2,0,2
4284,4739,2,0,2
4285,4740,2,0,2
4288,4743,2,0,2
4296,4751,2,0,2
4297,4752,2,0,2
4302,4757,2,0,2
4304,4759,2,0,2
4316,4771,2,0,2
4320,4775,2,0,2
4323,4778,2,0,2
4357,4813,2,0,2
4366,4822,2,0,2
4370,4826,2,0,2
4372,4828,2,0,2
4394,5303,2,0,2
4399,5308,2,0,2
4402,5311,2,0,2
4405,5314,2,0,2
4426,5335,2,0,2
4431,5340,2,0,2
4433,5342,2,0,2
4492,MM,2,0,2
4527,WS,2,0,2
4529,X,2,0,2
4532,Y,2,0,2
3,0003,1,0,1
81,0081,1,0,1
99,0099,1,0,1
109,0109,1,0,1
132,0133,1,0,1
136,0139,1,0,1
146,0149,1,0,1
149,0152,1,0,1
150,0153,1,0,1
152,0155,1,0,1
207,0211,1,0,1
210,0214,1,0,1
215,0219,1,0,1
217,0221,1,0,1
221,0225,1,0,1
252,0257,1,0,1
256,0261,1,0,1
287,0296,1,0,1
313,0322,1,0,1
363,0375,0,1,1
380,0392,0,1,1
381,0393,0,1,1
382,0394,0,1,1
384,0396,0,1,1
385,0397,0,1,1
459,0557,1,0,1
460,0558,1,0,1
469,0568,1,0,1
489,0588,1,0,1
502,0601,1,0,1
503,0602,1,0,1
504,0603,1,0,1
507,0606,1,0,1
508,0607,1,0,1
510,0609,1,0,1
512,0611,1,0,1
515,0614,1,0,1
516,0615,1,0,1
517,0616,1,0,1
520,0619,1,0,1
521,0620,1,0,1
522,0621,1,0,1
528,0627,1,0,1
534,0633,1,0,1
544,0643,1,0,1
560,0659,1,0,1
563,0662,1,0,1
565,0664,1,0,1
566,0665,1,0,1
568,0667,1,0,1
571,0670,1,0,1
576,0675,1,0,1
577,0676,1,0,1
582,0681,1,0,1
587,0686,1,0,1
594,0693,1,0,1
595,0694,1,0,1
597,0696,1,0,1
615,0714,1,0,1
631,0730,1,0,1
632,0731,1,0,1
699,0799,1,0,1
705,0805,1,0,1
709,0809,1,0,1
712,0812,1,0,1
719,0819,1,0,1
739,0840,1,0,1
744,0845,1,0,1
747,0849,1,0,1
748,0850,1,0,1
749,0851,1,0,1
750,0852,1,0,1
751,0853,1,0,1
762,0864,1,0,1
767,0869,1,0,1
768,0870,1,0,1
769,0871,1,0,1
770,0872,1,0,1
777,0879,1,0,1
792,0894,1,0,1
801,0903,1,0,1
802,0904,1,0,1
803,0905,1,0,1
806,0908,1,0,1
807,0909,1,0,1
861,0963,1,0,1
883,0985,1,0,1
892,0994,1,0,1
901,1003,1,0,1
903,1005,1,0,1
907,1009,0,1,1
914,1016,0,1,1
916,1018,0,1,1
917,1019,0,1,1
918,1020,0,1,1
919,1021,0,1,1
920,1022,0,1,1
921,1023,0,1,1
922,1024,0,1,1
923,1025,0,1,1
924,1026,0,1,1
925,1028,0,1,1
926,1029,1,0,1
927,1030,1,0,1
928,1031,1,0,1
930,1033,1,0,1
939,1042,1,0,1
940,1043,1,0,1
942,1045,1,0,1
943,1046,1,0,1
944,1047,1,0,1
952,1056,1,0,1
954,1058,1,0,1
955,1059,1,0,1
956,1060,1,0,1
957,1061,1,0,1
958,1062,1,0,1
959,1064,1,0,1
960,1066,1,0,1
966,1072,1,0,1
967,1073,1,0,1
968,1074,1,0,1
969,1075,1,0,1
970,1076,1,0,1
971,1077,1,0,1
972,1078,1,0,1
973,1079,1,0,1
974,1080,1,0,1
976,1082,1,0,1
978,1084,1,0,1
980,1086,1,0,1
981,1087,1,0,1
982,1088,1,0,1
983,1089,1,0,1
984,1090,1,0,1
986,1092,1,0,1
987,1093,1,0,1
988,1094,1,0,1
989,1095,1,0,1
991,1097,1,0,1
992,1098,1,0,1
993,1099,1,0,1
1003,1109,1,0,1
1010,1116,1,0,1
1016,1122,1,0,1
1026,1135,1,0,1
1034,1144,1,0,1
1035,1145,1,0,1
1048,1158,1,0,1
1063,1174,1,0,1
1081,1212,1,0,1
1115,1247,1,0,1
1191,1323,1,0,1
1192,1324,1,0,1
1193,1325,1,0,1
1205,1337,1,0,1
1206,1339,1,0,1
1223,1356,1,0,1
1227,1360,0,1,1
1231,1364,1,0,1
1244,1378,0,1,1
1246,1380,0,1,1
1250,1384,0,1,1
1260,1394,1,0,1
1268,1402,1,0,1
1272,1406,1,0,1
1274,1408,1,0,1
1328,1463,1,0,1
1337,1472,1,0,1
1383,1519,1,0,1
1394,1530,1,0,1
1407,1543,1,0,1
1418,1554,1,0,1
1419,1555,1,0,1
1420,1556,1,0,1
1432,1568,1,0,1
1434,1570,1,0,1
1437,1573,1,0,1
1439,1575,1,0,1
1459,1596,1,0,1
1468,1605,1,0,1
1476,1613,1,0,1
1526,1664,1,0,1
1528,1666,0,1,1
1551,1689,1,0,1
1555,1693,1,0,1
1563,1800,1,0,1
1564,1801,1,0,1
1565,1802,1,0,1
1566,1803,1,0,1
1567,1804,1,0,1
1568,1805,1,0,1
1569,1806,1,0,1
1570,1807,1,0,1
1571,1808,1,0,1
1572,1809,1,0,1
1573,1810,1,0,1
1575,1812,1,0,1
1576,1813,1,0,1
1580,1817,1,0,1
1581,1818,1,0,1
1582,1819,1,0,1
1585,1822,1,0,1
1586,1823,1,0,1
1587,1824,1,0,1
1588,1825,1,0,1
1589,1826,1,0,1
1590,1827,1,0,1
1591,1828,1,0,1
1592,1829,1,0,1
1593,1830,1,0,1
1594,1831,1,0,1
1595,1832,1,0,1
1596,1833,1,0,1
1602,1839,1,0,1
1604,1841,1,0,1
1606,1843,1,0,1
1607,1844,1,0,1
1608,1845,1,0,1
1609,1846,1,0,1
1610,1847,1,0,1
1611,1848,1,0,1
1612,1849,1,0,1
1613,1850,1,0,1
1616,1854,1,0,1
1617,1855,1,0,1
1618,1856,1,0,1
1619,1857,1,0,1
1620,1858,1,0,1
1621,1859,1,0,1
1625,1863,1,0,1
1626,1864,1,0,1
1627,1865,1,0,1
1629,1867,1,0,1
1630,1868,1,0,1
1631,1869,1,0,1
1632,1870,1,0,1
1633,1871,1,0,1
1634,1872,1,0,1
1635,1873,1,0,1
1636,1874,1,0,1
1637,1875,1,0,1
1638,1876,1,0,1
1639,1877,1,0,1
1640,1878,1,0,1
1641,1879,1,0,1
1642,1882,1,0,1
1643,1883,1,0,1
1645,1885,1,0,1
1646,1886,1,0,1
1647,1887,1,0,1
1648,1888,1,0,1
1650,1890,1,0,1
1652,1892,1,0,1
1654,1894,1,0,1
1657,1897,1,0,1
1658,1898,1,0,1
1659,1899,1,0,1
1667,1907,1,0,1
1682,2003,1,0,1
1696,2016,1,0,1
1700,2020,1,0,1
1716,2037,1,0,1
1718,2039,1,0,1
1721,2042,1,0,1
1725,2046,1,0,1
1730,2051,1,0,1
1753,2075,1,0,1
1757,2079,0,1,1
1759,2081,1,0,1
1761,2083,1,0,1
1768,2090,1,0,1
1770,2092,0,1,1
1786,2108,1,0,1
1799,2121,1,0,1
1803,2125,1,0,1
1804,2126,1,0,1
1805,2127,1,0,1
1806,2128,1,0,1
1807,2129,1,0,1
1808,2130,1,0,1
1810,2132,1,0,1
1812,2134,1,0,1
1813,2135,1,0,1
1814,2136,1,0,1
1815,2137,1,0,1
1817,2139,1,0,1
1818,2140,1,0,1
1819,2141,1,0,1
1820,2142,1,0,1
1821,2143,1,0,1
1822,2144,1,0,1
1823,2145,1,0,1
1824,2146,1,0,1
1832,2154,1,0,1
1844,2166,1,0,1
1848,2170,1,0,1
1851,2173,1,0,1
1875,2197,1,0,1
1884,2207,1,0,1
1885,2208,1,0,1
1887,2210,1,0,1
1888,2211,1,0,1
1889,2212,0,1,1
1892,2215,0,1,1
1893,2216,0,1,1
1894,2217,0,1,1
1895,2218,0,1,1
1896,2219,0,1,1
1898,2221,0,1,1
1900,2223,0,1,1
1901,2224,0,1,1
1902,2225,0,1,1
1907,2230,0,1,1
1908,2231,0,1,1
1909,2232,0,1,1
1910,2233,0,1,1
1912,2235,1,0,1
1913,2236,1,0,1
1916,2239,1,0,1
1928,2251,1,0,1
1934,2258,1,0,1
1936,2260,1,0,1
1937,2261,1,0,1
1938,2262,1,0,1
1939,2263,1,0,1
1942,2266,1,0,1
1943,2267,1,0,1
1946,2270,1,0,1
1955,2279,1,0,1
1957,2281,1,0,1
1958,2282,1,0,1
1959,2283,1,0,1
1972,2297,1,0,1
1973,2298,1,0,1
1986,2311,0,1,1
1987,2312,0,1,1
1988,2313,0,1,1
1989,2314,0,1,1
1994,2319,1,0,1
2004,2329,1,0,1
2005,2330,1,0,1
2006,2331,1,0,1
2008,2333,1,0,1
2011,2336,1,0,1
2012,2337,1,0,1
2018,2345,1,0,1
2020,2347,1,0,1
2022,2349,1,0,1
2030,2357,1,0,1
2031,2358,1,0,1
2039,2367,1,0,1
2043,2371,1,0,1
2044,2372,1,0,1
2045,2373,1,0,1
2053,2382,1,0,1
2054,2383,1,0,1
2055,2384,1,0,1
2056,2385,1,0,1
2057,2386,1,0,1
2070,2399,1,0,1
2101,2431,1,0,1
2102,2432,1,0,1
2103,2433,1,0,1
2108,2438,0,1,1
2109,2439,0,1,1
2110,2440,0,1,1
2112,2442,0,1,1
2115,2445,0,1,1
2121,2452,1,0,1
2122,2453,1,0,1
2123,2454,1,0,1
2124,2455,1,0,1
2129,2460,1,0,1
2137,2468,1,0,1
2149,2480,1,0,1
2152,2483,1,0,1
2158,2489,1,0,1
2162,2493,1,0,1
2187,2518,1,0,1
2249,2580,1,0,1
2252,2583,1,0,1
2256,2588,1,0,1
2259,2591,1,0,1
2264,2596,1,0,1
2265,2597,1,0,1
2266,2598,1,0,1
2267,2599,1,0,1
2268,2600,1,0,1
2275,2607,1,0,1
2276,2608,1,0,1
2281,2613,1,0,1
2283,2615,1,0,1
2285,2617,1,0,1
2288,2620,1,0,1
2292,2624,1,0,1
2294,2626,1,0,1
2295,2627,1,0,1
2296,2628,1,0,1
2298,2630,1,0,1
2301,2633,1,0,1
2303,2635,1,0,1
2304,2636,1,0,1
2305,2637,1,0,1
2307,2639,1,0,1
2308,2640,1,0,1
2310,2642,1,0,1
2324,2656,1,0,1
2325,2657,1,0,1
2326,2658,1,0,1
2327,2659,1,0,1
2328,2660,1,0,1
2332,2675,1,0,1
2335,2678,1,0,1
2336,2679,1,0,1
2337,2680,1,0,1
2339,2682,1,0,1
2340,2683,1,0,1
2360,2703,1,0,1
2361,2704,1,0,1
2363,2706,1,0,1
2384,2727,1,0,1
2386,2729,1,0,1
2389,2732,1,0,1
2393,2736,1,0,1
2395,2738,1,0,1
2398,2741,1,0,1
2400,2743,1,0,1
2436,2779,1,0,1
2437,2780,1,0,1
2447,2790,1,0,1
2448,2791,1,0,1
2449,2792,1,0,1
2451,2794,1,0,1
2452,2795,1,0,1
2453,2796,1,0,1
2454,2797,1,0,1
2455,2798,1,0,1
2456,2799,1,0,1
2457,2800,1,0,1
2458,2801,1,0,1
2461,2804,1,0,1
2462,2805,1,0,1
2469,2812,1,0,1
2473,2816,1,0,1
2474,2817,1,0,1
2475,2818,1,0,1
2476,2819,1,0,1
2495,2838,1,0,1
2496,2839,1,0,1
2498,2841,1,0,1
2499,2842,1,0,1
2500,2843,1,0,1
2501,2844,1,0,1
2502,2845,1,0,1
2503,2846,1,0,1
2504,2847,1,0,1
2505,2848,1,0,1
2506,2849,1,0,1
2551,2894,1,0,1
2554,2897,1,0,1
2555,2898,1,0,1
2556,2899,1,0,1
2557,2900,1,0,1
2558,2901,1,0,1
2559,2902,1,0,1
2560,2903,1,0,1
2561,2904,1,0,1
2562,2905,1,0,1
2563,2906,1,0,1
2564,2907,1,0,1
2565,2908,1,0,1
2566,2909,1,0,1
2567,2910,1,0,1
2568,2911,1,0,1
2569,2912,1,0,1
2570,2913,1,0,1
2571,2914,1,0,1
2572,2915,1,0,1
2574,2918,1,0,1
2576,2920,1,0,1
2578,2922,1,0,1
2579,2923,1,0,1
2581,2925,1,0,1
2582,2926,1,0,1
2584,2928,1,0,1
2586,2930,1,0,1
2600,2945,1,0,1
2610,2955,1,0,1
2627,2972,1,0,1
2635,2980,1,0,1
2642,2988,1,0,1
2644,2991,1,0,1
2648,2995,1,0,1
2649,2996,1,0,1
2661,3008,1,0,1
2668,3015,1,0,1
2674,3021,1,0,1
2681,3028,1,0,1
2712,3059,1,0,1
2716,3063,1,0,1
2717,3064,1,0,1
2723,3071,1,0,1
2725,3073,1,0,1
2726,3074,1,0,1
2727,3075,1,0,1
2742,3101,1,0,1
2743,3102,1,0,1
2747,3106,1,0,1
2748,3107,1,0,1
2752,3112,1,0,1
2756,3116,1,0,1
2764,3124,1,0,1
2765,3125,1,0,1
2770,3130,1,0,1
2773,3133,1,0,1
2775,3135,1,0,1
2778,3139,1,0,1
2782,3143,1,0,1
2783,3144,1,0,1
2786,3147,1,0,1
2787,3148,1,0,1
2789,3150,1,0,1
2792,3153,1,0,1
2793,3154,1,0,1
2794,3155,1,0,1
2795,3156,1,0,1
2796,3157,1,0,1
2797,3158,1,0,1
2798,3159,1,0,1
2799,3160,1,0,1
2800,3161,1,0,1
2801,3162,1,0,1
2804,3166,1,0,1
2808,3170,1,0,1
2809,3172,1,0,1
2812,3175,1,0,1
2813,3176,1,0,1
2819,3182,1,0,1
2826,3189,1,0,1
2828,3191,1,0,1
2830,3193,1,0,1
2833,3198,1,0,1
2834,3199,1,0,1
2837,3202,1,0,1
2841,3206,1,0,1
2844,3209,1,0,1
2848,3213,1,0,1
2849,3214,1,0,1
2850,3215,1,0,1
2853,3218,1,0,1
2854,3219,1,0,1
2859,3224,1,0,1
2861,3226,1,0,1
2866,3231,1,0,1
2869,3234,1,0,1
2870,3235,1,0,1
2877,3243,1,0,1
2878,3244,1,0,1
2879,3245,1,0,1
2880,3246,1,0,1
2882,3248,1,0,1
2884,3250,1,0,1
2885,3251,1,0,1
2886,3252,1,0,1
2887,3253,1,0,1
2895,3261,1,0,1
2896,3262,1,0,1
2900,3267,1,0,1
2910,3277,1,0,1
2915,3282,1,0,1
2919,3286,1,0,1
2923,3290,1,0,1
2929,3296,1,0,1
2930,3297,1,0,1
2947,3314,1,0,1
2948,3315,1,0,1
2949,3316,1,0,1
2950,3317,1,0,1
2951,3318,1,0,1
2952,3319,1,0,1
2957,3324,1,0,1
2959,3326,1,0,1
2960,3327,1,0,1
2961,3328,1,0,1
2962,3329,1,0,1
2968,3335,1,0,1
2972,3339,1,0,1
2973,3340,1,0,1
2974,3341,1,0,1
3065,3432,1,0,1
3071,3438,1,0,1
3072,3439,1,0,1
3075,3442,1,0,1
3079,3446,1,0,1
3080,3447,1,0,1
3082,3449,1,0,1
3083,3450,1,0,1
3084,3451,1,0,1
3085,3452,1,0,1
3086,3453,1,0,1
3087,3454,1,0,1
3091,3458,1,0,1
3092,3459,1,0,1
3093,3460,1,0,1
3094,3461,1,0,1
3099,3466,1,0,1
3101,3468,1,0,1
3102,3469,1,0,1
3103,3470,1,0,1
3104,3471,1,0,1
3106,3474,1,0,1
3109,3477,1,0,1
3110,3478,1,0,1
3111,3479,1,0,1
3112,3480,1,0,1
3113,3481,1,0,1
3114,3482,1,0,1
3115,3483,1,0,1
3116,3484,1,0,1
3117,3485,1,0,1
3119,3487,1,0,1
3121,3489,1,0,1
3126,3494,1,0,1
3127,3495,1,0,1
3143,3511,1,0,1
3147,3515,1,0,1
3168,3536,1,0,1
3169,3537,1,0,1
3170,3538,1,0,1
3171,3539,1,0,1
3183,3551,1,0,1
3184,3552,1,0,1
3189,3557,1,0,1
3196,3565,1,0,1
3197,3566,1,0,1
3199,3568,1,0,1
3200,3569,1,0,1
3201,3570,1,0,1
3202,3571,1,0,1
3204,3573,1,0,1
3206,3575,1,0,1
3210,3579,1,0,1
3226,3601,1,0,1
3255,3630,1,0,1
3258,3633,1,0,1
3260,3635,1,0,1
3265,3640,1,0,1
3267,3642,1,0,1
3269,3644,1,0,1
3271,3646,1,0,1
3273,3648,1,0,1
3279,3654,1,0,1
3280,3655,1,0,1
3281,3656,1,0,1
3283,3659,1,0,1
3284,3660,1,0,1
3285,3661,1,0,1
3287,3663,1,0,1
3288,3664,1,0,1
3289,3665,1,0,1
3290,3666,1,0,1
3291,3667,1,0,1
3292,3668,1,0,1
3293,3669,1,0,1
3294,3670,1,0,1
3295,3671,1,0,1
3296,3672,1,0,1
3297,3673,1,0,1
3298,3674,1,0,1
3299,3675,1,0,1
3300,3676,1,0,1
3301,3677,1,0,1
3302,3678,1,0,1
3303,3679,1,0,1
3305,3681,1,0,1
3306,3682,1,0,1
3314,3690,1,0,1
3317,3693,1,0,1
3322,3698,1,0,1
3327,3703,1,0,1
3328,3704,1,0,1
3329,3705,1,0,1
3339,3715,1,0,1
3340,3716,1,0,1
3341,3717,1,0,1
3344,3720,1,0,1
3345,3721,1,0,1
3347,3723,1,0,1
3348,3724,1,0,1
3349,3725,1,0,1
3351,3727,1,0,1
3352,3728,1,0,1
3353,3729,1,0,1
3354,3730,1,0,1
3355,3731,1,0,1
3356,3732,1,0,1
3357,3733,1,0,1
3358,3734,1,0,1
3359,3735,1,0,1
3360,3736,1,0,1
3361,3737,1,0,1
3362,3738,1,0,1
3363,3739,1,0,1
3364,3740,1,0,1
3365,3741,1,0,1
3366,3742,1,0,1
3367,3743,1,0,1
3368,3744,1,0,1
3369,3745,1,0,1
3370,3746,1,0,1
3371,3747,1,0,1
3372,3748,1,0,1
3373,3749,1,0,1
3374,3750,1,0,1
3375,3751,1,0,1
3376,3752,1,0,1
3377,3753,1,0,1
3378,3754,1,0,1
3379,3755,1,0,1
3380,3756,1,0,1
3381,3757,1,0,1
3382,3758,1,0,1
3383,3759,1,0,1
3384,3760,1,0,1
3385,3761,1,0,1
3386,3762,1,0,1
3387,3763,1,0,1
3388,3764,1,0,1
3389,3765,1,0,1
3390,3766,1,0,1
3391,3767,1,0,1
3392,3768,1,0,1
3393,3769,1,0,1
3394,3770,1,0,1
3395,3771,1,0,1
3396,3772,1,0,1
3397,3773,1,0,1
3399,3775,1,0,1
3400,3776,1,0,1
3401,3777,1,0,1
3402,3778,1,0,1
3403,3779,1,0,1
3404,3780,1,0,1
3407,3783,1,0,1
3408,3784,1,0,1
3409,3785,1,0,1
3410,3786,1,0,1
3412,3788,1,0,1
3413,3789,1,0,1
3416,3792,1,0,1
3419,3795,1,0,1
3431,3807,1,0,1
3432,3808,1,0,1
3433,3809,1,0,1
3434,3810,1,0,1
3435,3811,1,0,1
3436,3812,1,0,1
3437,3813,1,0,1
3438,3814,1,0,1
3439,3815,1,0,1
3442,3818,1,0,1
3567,3943,1,0,1
3568,3944,1,0,1
3569,3945,1,0,1
3570,3946,1,0,1
3571,3947,1,0,1
3572,3948,1,0,1
3573,3949,1,0,1
3574,3950,1,0,1
3578,3954,1,0,1
3579,3955,1,0,1
3580,3956,1,0,1
3581,3957,1,0,1
3582,3958,1,0,1
3583,3959,1,0,1
3585,3961,1,0,1
3586,3962,1,0,1
3587,3963,1,0,1
3588,3964,1,0,1
3590,3966,1,0,1
3591,3967,1,0,1
3592,3968,1,0,1
3593,3969,1,0,1
3594,3970,1,0,1
3595,3971,1,0,1
3596,3972,1,0,1
3597,3973,1,0,1
3598,3974,1,0,1
3599,3975,1,0,1
3600,3976,1,0,1
3601,3977,1,0,1
3602,3978,1,0,1
3603,3979,1,0,1
3604,3980,1,0,1
3605,3981,1,0,1
3606,3982,1,0,1
3607,3983,1,0,1
3609,3985,1,0,1
3610,3986,1,0,1
3611,3987,1,0,1
3612,3988,1,0,1
3615,3991,1,0,1
3616,3992,1,0,1
3617,3993,1,0,1
3618,3994,1,0,1
3619,3995,1,0,1
3620,3996,1,0,1
3623,3999,1,0,1
3624,4000,1,0,1
3626,4002,1,0,1
3627,4003,1,0,1
3628,4004,1,0,1
3629,4005,1,0,1
3630,4006,1,0,1
3631,4007,1,0,1
3632,4008,1,0,1
3633,4009,1,0,1
3634,4010,1,0,1
3635,4011,1,0,1
3636,4012,1,0,1
3637,4013,1,0,1
3638,4014,1,0,1
3639,4015,1,0,1
3640,4016,1,0,1
3641,4017,1,0,1
3642,4018,1,0,1
3643,4019,1,0,1
3646,4022,1,0,1
3647,4023,1,0,1
3648,4024,1,0,1
3649,4025,1,0,1
3650,4026,1,0,1
3651,4027,1,0,1
3652,4028,1,0,1
3653,4029,1,0,1
3654,4030,1,0,1
3655,4031,1,0,1
3656,4032,1,0,1
3657,4033,1,0,1
3658,4034,1,0,1
3659,4035,1,0,1
3660,4036,1,0,1
3661,4037,1,0,1
3662,4038,1,0,1
3663,4039,1,0,1
3664,4040,1,0,1
3665,4041,1,0,1
3666,4042,1,0,1
3670,4047,1,0,1
3671,4048,1,0,1
3672,4049,1,0,1
3673,4050,1,0,1
3674,4051,1,0,1
3675,4100,1,0,1
3677,4102,1,0,1
3678,4103,1,0,1
3681,4106,1,0,1
3712,4137,1,0,1
3772,4197,1,0,1
3776,4201,1,0,1
3786,4211,1,0,1
3787,4212,1,0,1
3794,4219,1,0,1
3795,4220,1,0,1
3796,4221,1,0,1
3797,4222,1,0,1
3798,4223,1,0,1
3799,4224,1,0,1
3800,4225,1,0,1
3802,4227,1,0,1
3808,4233,1,0,1
3826,4251,1,0,1
3833,4259,1,0,1
3836,4262,1,0,1
3840,4266,1,0,1
3847,4273,0,1,1
3848,4274,0,1,1
3861,4287,1,0,1
3862,4288,1,0,1
3863,4289,1,0,1
3868,4294,1,0,1
3869,4295,1,0,1
3873,4299,1,0,1
3877,4303,1,0,1
3882,4308,1,0,1
3884,4310,1,0,1
3885,4311,1,0,1
3890,4316,1,0,1
3891,4317,1,0,1
3892,4318,0,1,1
3893,4319,0,1,1
3897,4324,1,0,1
3898,4325,1,0,1
3899,4326,1,0,1
3903,4330,1,0,1
3905,4332,1,0,1
3912,4339,1,0,1
3913,4340,1,0,1
3914,4341,1,0,1
3915,4342,1,0,1
3916,4343,1,0,1
3920,4347,1,0,1
3921,4348,1,0,1
3925,4354,1,0,1
3926,4355,1,0,1
3928,4357,1,0,1
3931,4361,1,0,1
3932,4362,1,0,1
3933,4363,1,0,1
3934,4364,1,0,1
3937,4367,1,0,1
3938,4369,1,0,1
3940,4371,1,0,1
3941,4372,1,0,1
3943,4374,1,0,1
3944,4375,1,0,1
3945,4376,1,0,1
3946,4400,1,0,1
3948,4402,1,0,1
3950,4404,1,0,1
3952,4406,1,0,1
3953,4407,1,0,1
3968,4422,1,0,1
3970,4424,1,0,1
3971,4425,1,0,1
3972,4426,1,0,1
3975,4429,1,0,1
3978,4432,1,0,1
3981,4435,1,0,1
3983,4437,1,0,1
3985,4439,1,0,1
3987,4441,1,0,1
3999,4453,1,0,1
4001,4455,1,0,1
4006,4460,0,1,1
4007,4461,0,1,1
4008,4462,0,1,1
4009,4464,1,0,1
4011,4466,1,0,1
4013,4468,1,0,1
4016,4471,1,0,1
4017,4472,1,0,1
4023,4478,1,0,1
4030,4485,1,0,1
4031,4486,1,0,1
4034,4489,1,0,1
4035,4490,1,0,1
4040,4496,1,0,1
4051,4507,1,0,1
4054,4510,1,0,1
4055,4511,1,0,1
4056,4512,1,0,1
4057,4513,1,0,1
4060,4516,1,0,1
4063,4519,1,0,1
4065,4521,1,0,1
4066,4522,1,0,1
4067,4523,1,0,1
4074,4530,1,0,1
4075,4531,1,0,1
4080,4536,1,0,1
4111,45666,1,0,1
4114,4569,1,0,1
4115,4570,1,0,1
4142,4597,1,0,1
4144,4599,1,0,1
4146,4601,1,0,1
4147,4602,1,0,1
4148,4603,1,0,1
4153,4608,1,0,1
4177,4632,1,0,1
4179,4634,1,0,1
4184,4639,1,0,1
4188,4643,1,0,1
4195,4650,1,0,1
4198,4653,1,0,1
4199,4654,1,0,1
4202,4657,1,0,1
4204,4659,1,0,1
4210,4665,1,0,1
4212,4667,1,0,1
4216,4671,1,0,1
4217,4672,1,0,1
4218,4673,1,0,1
4224,4679,1,0,1
4229,4684,1,0,1
4230,4685,1,0,1
4246,4701,1,0,1
4247,4702,1,0,1
4251,4706,1,0,1
4262,4717,1,0,1
4265,4720,0,1,1
4266,4721,0,1,1
4267,4722,0,1,1
4270,4725,1,0,1
4271,4726,1,0,1
4273,4728,1,0,1
4274,4729,1,0,1
4286,4741,1,0,1
4287,4742,1,0,1
4291,4746,1,0,1
4293,4748,1,0,1
4294,4749,1,0,1
4295,4750,1,0,1
4299,4754,1,0,1
4306,4761,1,0,1
4311,4766,1,0,1
4312,4767,1,0,1
4313,4768,1,0,1
4317,4772,1,0,1
4318,4773,1,0,1
4321,4776,1,0,1
4326,4781,1,0,1
4327,4782,1,0,1
4328,4783,1,0,1
4329,4784,1,0,1
4331,4786,1,0,1
4335,4791,1,0,1
4340,4796,1,0,1
4341,4797,1,0,1
4342,4798,1,0,1
4343,4799,1,0,1
4344,4800,1,0,1
4345,4801,1,0,1
4346,4802,1,0,1
4347,4803,1,0,1
4348,4804,1,0,1
4349,4805,1,0,1
4350,4806,1,0,1
4351,4807,1,0,1
4352,4808,1,0,1
4353,4809,1,0,1
4359,4815,0,1,1
4361,4817,1,0,1
4364,4820,1,0,1
4365,4821,1,0,1
4371,4827,1,0,1
4373,4829,1,0,1
4374,4830,1,0,1
4375,4831,1,0,1
4376,4832,1,0,1
4377,4833,1,0,1
4378,4834,1,0,1
4381,4844,1,0,1
4382,4845,1,0,1
4383,4846,1,0,1
4384,4847,1,0,1
4385,4848,1,0,1
4387,5001,1,0,1
4389,5003,1,0,1
4391,5300,1,0,1
4409,5318,1,0,1
4410,5319,1,0,1
4411,5320,1,0,1
4414,5323,1,0,1
4419,5328,0,1,1
4423,5332,1,0,1
4425,5334,1,0,1
4429,5338,1,0,1
4430,5339,1,0,1
4432,5341,1,0,1
4451,CB,1,0,1
4454,CM,1,0,1
4457,D,1,0,1
4471,G8,1,0,1
